city_ID,city,lat,lng,Min Temp,Max Temp,Humidity,Cloudiness
0,Sydney,-33.865,151.2094,65.5,70.61,59,20
1,Melbourne,-37.8136,144.9631,75.18,82.8,42,0
2,Brisbane,-27.4678,153.0281,74.84,85.35,45,20
3,Perth,-31.9522,115.8589,89.02,92.86,20,0
4,Adelaide,-34.9275,138.6,73.83,83.34,32,0
5,Gold Coast,-28.0167,153.4,72.14,85.75,67,40
6,Cranbourne,-38.0996,145.2834,74.82,79.9,46,0
7,Canberra,-35.2931,149.1269,68.18,73.65,43,0
8,Central Coast,-33.3,151.2,61.72,67.95,68,99
9,Wollongong,-34.4331,150.8831,72,72,59,59
10,Hobart,-42.8806,147.325,60.58,63.19,70,75
11,Geelong,-38.15,144.35,69.85,74.07,52,0
12,Townsville,-19.25,146.8167,84.24,84.24,54,100
13,Ipswich,-27.6167,152.7667,74.77,85.28,35,0
14,Newcastle,-32.9167,151.75,64.9,71.56,63,40
15,Cairns,-16.92,145.78,78.75,87.06,91,75
16,Darwin,-12.4381,130.8411,86,87.89,73,75
17,Toowoomba,-27.5667,151.95,73.83,73.83,47,2
18,Launceston,-41.4419,147.145,64.53,70.34,49,100
19,Ballarat,-37.5608,143.8475,77.45,77.45,27,7
20,Bendigo,-36.75,144.2667,79.48,79.48,31,34
21,Bunbury,-33.3272,115.6369,83.66,83.66,33,8
22,Bundaberg,-24.8661,152.3494,81.1,81.1,59,39
23,Wagga Wagga,-35.1189,147.3689,76.55,77.79,26,0
24,Melton,-37.6833,144.5833,70.09,81.54,44,0
25,Hervey Bay,-25.29,152.84,75.16,75.16,60,37
26,Pakenham,-38.0712,145.4878,74.95,82.11,47,0
27,Port Macquarie,-31.4333,152.9,72.82,72.82,58,70
28,Caloundra,-26.7986,153.1289,74.98,76.24,67,57
29,Dubbo,-32.2569,148.6011,77.22,77.22,25,0
30,Orange,-33.2833,149.1,68.65,71.51,43,0
31,Frankston,-38.158,145.135,74.71,79.79,50,0
32,Sunbury,-37.5811,144.7139,74.41,80.26,42,0
33,Bathurst,-33.42,149.5778,70.95,73.81,42,0
34,Gladstone,-23.8427,151.2555,80.58,84.83,47,11
35,Mildura,-34.1889,142.1583,89.06,89.06,24,98
36,Geraldton,-28.7744,114.6089,86.34,86.34,35,94
37,Southport,-27.9667,153.4,72.01,85.75,68,0
38,Shepparton,-36.3833,145.4,78.73,78.73,25,0
39,Kalgoorlie,-30.7489,121.4658,76.86,76.86,41,100
40,Dandenong,-37.981,145.215,74.89,80.38,43,0
41,Warrnambool,-38.3833,142.4833,67.03,67.03,57,81
42,Albany,-35.0228,117.8814,70.2,70.2,62,27
43,Burnie,-41.0636,145.8753,58.89,58.89,74,98
44,Quakers Hill,-33.7344,150.8789,65.91,73.22,46,100
45,Caboolture,-27.0667,152.967,74.89,82.35,44,36
46,Coffs Harbour,-30.3022,153.1189,70.97,71.42,53,40
47,Mount Gambier,-37.8294,140.7828,78.78,78.78,27,100
48,Busselton,-33.6478,115.3458,83.19,83.19,33,58
49,Traralgon,-38.1958,146.5403,73.45,73.45,33,0
50,Vienna,48.2083,16.3725,26.94,31.23,90,100
51,Graz,47.0708,15.4386,26.82,30.88,83,75
52,Linz,48.3,14.2833,24.98,33.17,88,20
53,Salzburg,47.7972,13.0477,26.28,33.35,93,100
54,Innsbruck,47.2683,11.3933,28.51,45.21,100,20
55,Klagenfurt,46.6167,14.3,24.91,38.26,54,75
56,Villach,46.6167,13.8333,24.03,37.4,97,92
57,Wels,48.15,14.0167,26.29,28.31,92,20
58,Sankt Pölten,48.2,15.6167,25.99,30.27,87,100
59,Dornbirn,47.4167,9.75,29.86,48.18,79,100
60,Wiener Neustadt,47.8167,16.25,26.1,30.38,91,100
61,Steyr,48.05,14.4167,24.24,28.04,92,100
62,Bregenz,47.505,9.7492,30.24,48.56,81,100
63,Leonding,48.2792,14.2528,24.82,33.01,89,20
64,Klosterneuburg,48.3042,16.3167,26.74,31.03,90,100
65,Wolfsberg,46.8419,14.8408,26.4,28.78,68,99
66,Leoben,47.3817,15.0972,24.78,29.91,88,100
67,Krems an der Donau,48.4167,15.6167,26.71,30.65,91,100
68,Traun,48.2217,14.2397,25,28.8,89,20
69,Amstetten,48.1167,14.8667,25.02,33.21,93,100
70,Lustenau,47.4271,9.6711,30.29,48.6,79,100
71,Kapfenberg,47.4394,15.2894,25.25,30.36,88,100
72,Hallein,47.6667,13.0833,22.05,29.12,86,100
73,Mödling,48.0856,16.2831,26.47,30.76,91,100
74,Kufstein,47.5833,12.1667,27.54,33.96,95,100
75,Traiskirchen,48.0189,16.2922,26.82,31.1,91,100
76,Schwechat,48.1411,16.4786,27.27,31.55,90,100
77,Braunau am Inn,48.2583,13.0333,24.51,32.81,95,100
78,Stockerau,48.3858,16.2108,27.09,31.37,90,100
79,Saalfelden am Steinernen Meer,47.4269,12.8483,30.09,38.34,77,100
80,Hohenems,47.3667,9.6667,30.18,48.51,83,100
81,Ansfelden,48.2083,14.2889,24.8,28.6,89,20
82,Bruck an der Mur,47.4106,15.2686,25.32,30.43,88,100
83,Telfs,47.3069,11.0722,27.75,44.44,81,100
84,Spittal an der Drau,46.7917,13.4958,36.3,40.62,83,91
85,Perchtoldsdorf,48.1167,16.2667,26.06,30.7,91,100
86,Ternitz,47.7167,16.0333,24.53,26.58,70,100
87,Bludenz,47.1533,9.8219,30.11,46.74,100,100
88,Eisenstadt,47.8456,16.5189,27.12,31.59,92,100
89,Feldkirchen,46.7236,14.0919,23.58,36.95,97,94
90,Bad Ischl,47.7115,13.6239,24.51,33.35,76,100
91,Hall in Tirol,47.2833,11.5,28.51,45.21,71,20
92,Wörgl,47.4831,12.0664,33.53,33.53,94,100
93,Schwaz,47.35,11.7,28.89,45.57,68,100
94,Marchtrenk,48.1917,14.1106,24.66,28.44,91,20
95,Hard,47.4892,9.69,30.33,48.65,81,100
96,Feldbach,46.955,15.8883,27.75,31.82,92,99
97,Gmunden,47.9181,13.7994,23.18,26.85,87,100
98,Korneuburg,48.3453,16.3331,27.19,31.84,91,100
99,Neunkirchen,47.7269,16.0817,24.89,27.25,71,100
100,Manama,26.225,50.5775,55.6,66.18,77,1
101,Al Muḩarraq,26.25,50.6167,55.58,66.18,77,2
102,Madīnat Ḩamad,26.1128,50.5139,55.17,65.75,70,0
103,Madīnat ‘Īsá,26.1736,50.5478,55.54,66.15,77,1
104,Brussels,50.8353,4.3314,49.89,53.82,81,0
105,Antwerp,51.2211,4.3997,47.91,53.96,82,0
106,Gent,51.0536,3.7253,48.06,52.95,88,100
107,Charleroi,50.4167,4.4442,50.34,53.42,82,40
108,Liège,50.6397,5.5706,50.22,55.51,71,0
109,Bruges,51.2089,3.2242,48.07,51.89,84,100
110,Anderlecht,50.8392,4.3297,49.89,53.82,81,0
111,Namur,50.4667,4.8667,50.05,52.88,85,100
112,Leuven,50.8775,4.7044,48.67,53.71,80,75
113,Moortebeek,50.8547,4.3386,49.91,53.85,80,0
114,Mons,50.455,3.952,49.08,53.22,69,75
115,Mechelen,51.0281,4.4803,48.92,54.01,81,0
116,Aalst,50.9383,4.0392,48.88,53.92,87,100
117,La Louvière,50.4778,4.1881,49.15,53.47,84,40
118,Hasselt,50.9305,5.3385,49.68,55.85,82,100
119,Sint-Niklaas,51.1644,4.1392,48,53.89,86,100
120,Kortrijk,50.8333,3.2667,48.07,51.1,88,100
121,Ostend,51.2333,2.9333,48.15,51.98,82,0
122,Tournai,50.6,3.3833,48.99,50.14,95,100
123,Genk,50.95,5.5,50.09,55.38,77,100
124,Seraing,50.5986,5.5122,49.78,53.91,71,0
125,Roeselare,50.9447,3.1233,47.93,51.75,88,100
126,Mouscron,50.7444,3.2156,48.67,50.72,85,100
127,Forest,50.8117,4.3181,49.86,53.8,81,0
128,Verviers,50.5833,5.85,49.06,54.25,79,100
129,Beveren,51.2,4.25,48.88,53.98,82,0
130,Etterbeek,50.8361,4.3861,49.35,53.28,80,0
131,Beringen,51.0333,5.2167,48.74,54.86,79,100
132,Dendermonde,51.0167,4.1,48.97,54.07,81,100
133,Turnhout,51.3167,4.9333,47.77,53.94,90,100
134,Vilvoorde,50.9281,4.4245,48.87,53.91,81,0
135,Jette,50.8758,4.3244,49.68,53.62,80,0
136,Heist-op-den-Berg,51.0758,4.7286,48.67,53.71,82,100
137,Dilbeek,50.8333,4.25,49.59,53.53,79,0
138,Lokeren,51.1,3.9833,48.94,54.05,83,100
139,Evere,50.8719,4.4033,49.51,53.44,80,0
140,Geel,51.1611,4.9903,47.77,54.25,80,100
141,Sint-Truiden,50.8167,5.1833,49.59,54.61,85,100
142,Herstal,50.6644,5.63,50.31,55.6,76,0
143,Braine-l’Alleud,50.6806,4.3717,49.44,52.9,83,100
144,Halle,50.7361,4.2372,50.23,53.67,83,100
145,Ninove,50.8333,4.0167,48.92,53.96,88,100
146,Waregem,50.8811,3.4001,49.05,51.1,88,100
147,Wilrijk,51.1667,4.3833,48.81,53.91,82,0
148,Mechelen-aan-de-Maas,50.9967,5.7025,51.64,54.9,76,100
149,Brasschaat,51.2931,4.4894,47.95,54,82,0
150,Grimbergen,50.9333,4.3833,48.72,53.76,81,0
151,Lierre,51.1311,4.5697,48.94,54.05,83,0
152,Mol,51.1842,5.1156,47.75,54.25,86,100
153,Châtelet,50.4,4.5167,49.89,52.5,81,40
154,São Paulo,-23.5504,-46.6339,63.45,66.34,91,100
155,Rio de Janeiro,-22.9083,-43.1964,71.55,71.58,88,100
156,Belo Horizonte,-19.9281,-43.9419,67.5,67.5,97,100
157,Brasília,-15.7939,-47.8828,67.62,68.11,88,75
158,Salvador,-12.9708,-38.5108,78.76,78.76,80,98
159,Fortaleza,-3.7275,-38.5275,80.02,80.51,78,40
160,Curitiba,-25.4297,-49.2719,60.67,65.19,72,100
161,Manaus,-3.1,-60.0167,79.09,80.87,74,0
162,Recife,-8.0539,-34.8808,80.64,80.64,69,40
163,Belém,-1.4558,-48.5039,77.04,77.04,94,0
164,Porto Alegre,-30.0328,-51.23,68.99,70.27,75,75
165,Goiânia,-16.6806,-49.2564,71.29,71.29,94,40
166,Guarulhos,-23.4667,-46.5333,63.55,66.45,94,100
167,Vila Velha,3.2167,-51.2167,73.02,73.02,97,100
168,Campinas,-22.9009,-47.0573,67.84,69.15,88,100
169,São Gonçalo,-22.8269,-43.0539,71.42,71.46,88,100
170,São Luís,-2.53,-44.3028,82.6,82.6,74,20
171,Maceió,-9.6658,-35.735,74.64,74.64,88,0
172,Natal,-6.9838,-60.2699,71.91,71.91,99,100
173,Campo Grande,-20.4686,-54.6222,73.74,73.74,88,40
174,Natal,-5.795,-35.2089,79.45,79.45,83,40
175,Teresina,-5.0949,-42.8042,80.38,80.38,74,75
176,Iguaçu,-22.74,-43.47,71.35,71.38,98,100
177,São Bernardo do Campo,-23.6939,-46.565,63.1,65.01,92,100
178,João Pessoa,-7.12,-34.88,79.09,79.09,83,40
179,Abaeté,-19.1583,-45.4522,68.22,68.22,97,100
180,Santo André,-23.6572,-46.5333,61.09,66.36,92,100
181,Jaboatão,-8.1803,-35.0014,79.99,79.99,69,40
182,Osasco,-23.5328,-46.7919,63.68,66.6,92,100
183,São José dos Campos,-23.1789,-45.8869,64.78,64.78,98,100
184,Ribeirão Prêto,-21.1783,-47.8067,73.4,73.4,83,100
185,Contagem,-19.9319,-44.0539,66.72,66.72,96,100
186,Sorocaba,-23.5019,-47.4578,70.09,70.09,94,100
187,Aracaju,-10.9167,-37.05,76.98,76.98,88,0
188,Feira de Santana,-12.2669,-38.9669,70.77,70.77,84,100
189,Uberlândia,-18.9189,-48.2769,68.79,68.79,92,100
190,Cuiabá,-15.5958,-56.0969,76.93,76.93,83,40
191,Juiz de Fora,-21.75,-43.35,64.38,64.38,99,100
192,Londrina,-23.31,-51.1628,67.66,67.66,88,0
193,Joinvile,-26.3039,-48.8458,71.1,71.1,99,100
194,Ananindeua,-1.3658,-48.3719,76.91,76.91,94,0
195,Niterói,-22.8833,-43.1036,70.43,70.43,94,100
196,Serra,-20.1289,-40.3078,72.46,74.66,94,100
197,Florianópolis,-27.5933,-48.553000000000004,66.94,71.73,100,100
198,Macapá,0.033,-51.0653,80.58,80.58,89,0
199,Vila Velha,-20.3364,-40.2936,72.93,75.13,98,100
200,Campos,-21.7539,-41.3239,72.23,72.23,98,100
201,Mauá,-23.6678,-46.4608,61.09,66.36,95,100
202,São José do Rio Prêto,-20.82,-49.3789,69.49,69.49,95,100
203,Caxias do Sul,-29.1678,-51.1789,60.49,62.96,98,100
204,Toronto,43.7417,-79.3733,29.48,31.32,70,13
205,Montréal,45.5089,-73.5617,25.45,29.1,79,11
206,Vancouver,49.25,-123.1,12.18,21.7,91,100
207,Calgary,51.05,-114.0667,-23.3,-13.41,68,18
208,Edmonton,53.5344,-113.4903,-15.88,-12.5,78,100
209,Ottawa,45.4247,-75.695,23.65,24.89,84,9
210,Mississauga,43.6,-79.65,26.35,31.17,73,32
211,Winnipeg,49.8844,-97.1464,0.03,3.02,81,100
212,Quebec City,46.8139,-71.2081,29.44,32.38,76,92
213,Hamilton,43.2567,-79.8692,26.2,31.98,79,19
214,Brampton,43.6833,-79.7667,25.36,30.58,76,20
215,Surrey,49.19,-122.8489,12,21.52,88,100
216,Kitchener,43.4186,-80.4728,23.5,24.82,94,52
217,Laval,45.5833,-73.75,25.21,28.87,79,13
218,Halifax,44.6475,-63.5906,33.15,34.92,94,100
219,London,42.9836,-81.2497,25.02,27.27,78,83
220,Victoria,48.4283,-123.3647,19.33,29.23,85,100
221,Markham,43.8767,-79.2633,29.08,29.95,88,50
222,St. Catharines,43.1833,-79.2333,28.96,32.09,73,100
223,Niagara Falls,43.06,-79.1067,27.9,31.14,78,100
224,Vaughan,43.8333,-79.5,28.76,29.61,72,13
225,Gatineau,45.4833,-75.65,23.79,25.03,94,9
226,Windsor,42.2833,-83.0,23.11,27.14,82,100
227,Saskatoon,52.1333,-106.6833,-6.95,-6.95,98,100
228,Longueuil,45.5333,-73.5167,25.52,29.16,79,11
229,Burnaby,49.2667,-122.9667,12.2,21.72,91,100
230,Regina,50.4547,-104.6067,-5.46,-5.46,99,100
231,Richmond,49.1667,-123.1333,12.94,22.68,92,100
232,Richmond Hill,43.8667,-79.4333,28.76,29.61,90,23
233,Oakville,43.45,-79.6833,27.25,32.05,76,44
234,Burlington,43.3167,-79.8,26.44,32.22,79,28
235,Barrie,44.3711,-79.6769,24.51,24.51,95,85
236,Oshawa,43.9,-78.85,27.07,30.9,74,100
237,Sherbrooke,45.4,-71.9,27.18,27.18,86,100
238,Saguenay,48.4167,-71.0667,28.08,28.08,90,97
239,Lévis,46.8,-71.1833,28.87,31.82,76,91
240,Kelowna,49.8881,-119.4956,-4.9,-4.9,95,97
241,Abbotsford,49.05,-122.3167,10.54,19.74,67,100
242,Coquitlam,49.2839,-122.7919,12.65,22.17,88,100
243,Trois-Rivières,46.35,-72.55,24.48,24.48,89,41
244,Guelph,43.55,-80.25,23.45,29.23,87,83
245,Cambridge,43.3972,-80.3114,23.76,29.52,87,53
246,Whitby,43.8833,-78.9417,27.21,31.06,74,100
247,Ajax,43.8583,-79.0364,27.1,30.94,74,100
248,Langley,49.1044,-122.5827,11.91,21.7,77,100
249,Saanich,48.483999999999995,-123.381,18.97,28.87,85,100
250,Terrebonne,45.7,-73.6333,25.45,29.08,77,14
251,Milton,43.5083,-79.8833,25.59,30.81,80,57
252,St. John's,47.4817,-52.7971,35.31,37.72,97,100
253,Moncton,46.1328,-64.7714,31.95,33.22,99,100
254,Santiago,-33.45,-70.6667,63.63,71.62,43,0
255,Puente Alto,-33.6167,-70.5833,61.95,69.94,44,12
256,Maipú,-33.5167,-70.7667,64.42,72.41,45,0
257,La Florida,-33.55,-70.5667,62.38,70.38,42,9
258,Antofagasta,-23.6464,-70.398,67.39,67.39,77,26
259,Viña del Mar,-33.0245,-71.5518,56.68,56.68,82,0
260,San Bernardo,-33.6,-70.7167,63.45,71.44,44,8
261,Valparaíso,-33.0458,-71.6197,56.64,56.64,82,0
262,Temuco,-38.7399,-72.5901,49.78,49.78,94,29
263,Las Condes,-33.4167,-70.5833,62.28,70.27,42,0
264,Rancagua,-34.1654,-70.7398,61.25,61.25,51,12
265,Concepción,-36.8271,-73.0503,58.82,58.82,77,0
266,Talca,-35.4269,-71.6656,55.92,55.92,65,0
267,Coquimbo,-29.9532,-71.33800000000001,60.67,60.67,88,100
268,Arica,-18.4784,-70.3211,68.38,71.28,77,0
269,La Serena,-29.9027,-71.252,60.21,60.21,88,100
270,Iquique,-20.2141,-70.1524,70.14,70.14,78,1
271,Puerto Montt,-41.4718,-72.9396,59.77,59.77,88,100
272,Chillán,-36.6067,-72.1033,57.52,57.52,67,0
273,Calama,-22.4624,-68.9272,59.4,59.4,31,0
274,Copiapó,-27.3665,-70.3323,58.69,58.69,55,0
275,Valdivia,-39.8142,-73.2459,52,52,91,98
276,Quilpué,-33.0498,-71.4415,55.4,55.4,82,0
277,Talcahuano,-36.7145,-73.1141,59.05,59.05,77,0
278,Osorno,-40.5667,-73.15,59.31,59.31,72,75
279,Colina,-33.2,-70.6833,63.05,71.04,58,3
280,Los Ángeles,-37.4707,-72.3517,51.6,51.6,77,8
281,Curicó,-34.9854,-71.2394,62.65,62.65,59,0
282,Villa Alemana,-33.0428,-71.3744,55.13,55.13,82,0
283,Melipilla,-33.7,-71.2167,52.61,53.38,81,3
284,Punta Arenas,-53.1627,-70.9081,53.29,53.89,62,0
285,La Granja,-33.5431,-70.6319,62.98,70.97,42,7
286,Coronel,-37.0167,-73.1333,59.02,59.02,87,52
287,Alto Hospicio,-20.25,-70.1167,64.65,64.65,77,1
288,Lo Barnechea,-33.35,-70.5167,60.12,68.11,41,4
289,Espejo,-33.5333,-70.7167,63.82,71.82,44,0
290,Buin,-33.7333,-70.75,64.44,72.43,58,8
291,San Joaquín,-33.5,-70.6167,63.3,71.29,42,0
292,La Reina,-33.45,-70.55,62.28,70.27,42,5
293,Peñaflor,-33.6167,-70.9167,51.03,73.76,65,4
294,San Antonio,-33.5809,-71.6132,54.19,54.97,94,1
295,Chiguayante,-36.9167,-73.0167,55.92,55.92,77,0
296,Ovalle,-30.6031,-71.203,70.52,70.52,52,0
297,Linares,-35.8454,-71.5979,55.45,55.45,59,0
298,Quillota,-32.8799,-71.2474,55.29,55.29,84,3
299,San Felipe,-32.7507,-70.7251,69.12,69.12,60,0
300,Coyhaique,-45.5712,-72.0685,56.34,57.45,67,0
301,Los Andes,-32.8337,-70.5982,67.01,67.01,61,2
302,San Fernando,-34.5839,-70.9891,61.32,61.32,54,0
303,Talagante,-33.6667,-70.9333,51.31,73.35,66,4
304,San José,9.9333,-84.0833,61.14,63.05,75,55
305,Puerto Limón,10.0022,-83.084,72.16,72.16,83,95
306,Alajuela,10.0311,-84.2041,63.1,65.01,70,25
307,Liberia,10.6338,-85.4333,75.96,76.19,73,0
308,Puntarenas,9.9764,-84.8339,76.12,76.12,81,6
309,Quesada,10.3305,-84.44,69.08,69.08,98,51
310,Buenos Aires,9.1985,-83.2816,68.34,68.34,81,100
311,San Juan,9.9609,-84.0731,61.02,62.91,74,51
312,Cartago,9.8667,-83.9167,57.96,59.85,92,86
313,Cañas,10.43,-85.1,76.73,76.73,88,24
314,Heredia,9.9985,-84.1169,61.21,63.12,71,36
315,Colón,9.9096,-84.262,65.14,67.05,61,37
316,Santa Ana,9.932,-84.176,63.32,65.23,72,43
317,Santiago,9.8291,-84.3044,63.84,65.75,91,54
318,Sixaola,9.5579,-82.6698,71.91,71.91,85,99
319,Golfito,8.65,-83.15,71.28,71.28,94,99
320,La Cruz,11.0704,-85.63,74.61,74.61,81,6
321,Ciudad Cortés,8.96,-83.5239,74.84,74.84,94,100
322,Copenhagen,55.6805,12.5615,39.79,42.42,98,100
323,Aarhus,56.1572,10.2107,42.6,44.82,96,100
324,Odense,55.4004,10.3833,39.83,39.83,98,100
325,Aalborg,57.0337,9.9166,44.58,45.01,97,100
326,Esbjerg,55.467,8.45,42.91,46.49,96,100
327,Vejle,55.708999999999996,9.535,43.83,45.32,94,100
328,Roskilde,55.65,12.0833,40.96,42.49,96,100
329,Viborg,56.4333,9.4,43.2,46.06,98,100
330,Svendborg,55.0704,10.6167,39.61,39.61,97,100
331,Hillerød,55.9333,12.3167,39.33,41.94,97,100
332,Frederikshavn,57.4337,10.5333,42.69,42.69,98,100
333,Sorø,55.433,11.5667,39.51,40.98,98,100
334,San Salvador,13.6989,-89.1914,67.93,73.58,90,45
335,Usulután,13.35,-88.45,74.97,74.97,68,2
336,Santa Ana,13.9833,-89.5333,74.1,74.1,68,34
337,San Miguel,13.4833,-88.1833,74.82,74.82,57,8
338,Mejicanos,13.7403,-89.2131,67.39,73.04,90,53
339,Santa Tecla,13.6742,-89.2899,64.67,70.32,90,38
340,Apopa,13.8,-89.1833,70.39,76.05,90,59
341,Delgado,13.7167,-89.1667,68.49,74.14,90,46
342,Ahuachapán,13.9214,-89.845,65.14,65.14,72,0
343,Sonsonate,13.7167,-89.7167,73.15,73.15,71,2
344,Colón,13.7167,-89.3667,68.81,74.46,90,34
345,Acajutla,13.5928,-89.8275,77.38,77.38,70,1
346,Chalchuapa,13.9833,-89.6833,67.17,67.17,72,11
347,Zacatecoluca,13.5,-88.8667,73.58,79.23,76,1
348,Cuscatancingo,13.7333,-89.1833,67.71,73.36,90,50
349,Quezaltepeque,13.8312,-89.2722,70.32,75.97,90,61
350,San Vicente,13.6333,-88.8,69.37,75.02,72,9
351,Nahuizalco,13.7833,-89.7333,68.92,68.92,71,1
352,Cojutepeque,13.7167,-88.9333,65.73,71.38,72,29
353,Jiquilisco,13.3167,-88.5833,76.01,76.01,70,1
354,San Pedro Perulapán,13.7667,-89.0333,67.98,73.63,70,47
355,Panchimalco,13.6094,-89.1792,68.83,74.48,90,28
356,Ciudad Barrios,13.7667,-88.2667,71.22,71.22,58,0
357,Santiago Nonualco,13.5167,-88.95,73.92,80.58,83,0
358,Armenia,13.75,-89.5,75.97,75.97,70,17
359,Atiquizaya,13.9667,-89.75,66.97,66.97,73,0
360,Tacuba,13.9,-89.9333,66.61,66.61,72,0
361,La Unión,13.3369,-87.8439,81.54,81.54,59,45
362,Chalatenango,14.0333,-88.9333,77.58,77.58,68,70
363,Sensuntepeque,13.8667,-88.6333,66.78,66.78,68,6
364,Sonzacate,13.7342,-89.7147,72.46,72.46,71,2
365,Juayúa,13.8436,-89.74600000000001,63.16,63.16,72,1
366,San Francisco,13.7,-88.1,78.22,78.22,52,5
367,Guaymango,13.75,-89.8333,70.47,70.47,72,0
368,Puerto El Triunfo,13.2833,-88.55,81.52,81.52,69,2
369,Santiago de María,13.4833,-88.4667,64.6,64.6,70,1
370,Concepción de Ataco,13.8667,-89.85,60.21,60.21,72,0
371,San Alejo,13.4333,-87.9667,79.65,79.65,69,0
372,Metapán,14.3333,-89.45,69.96,69.96,80,59
373,Anamorós,13.7333,-87.8667,79.16,79.16,48,10
374,El Paisnal,13.9667,-89.2167,78.15,78.15,63,77
375,Tepecoyo,13.7003,-89.4678,73.62,73.62,69,18
376,Cuisnahuat,13.6333,-89.6,79.34,79.34,70,6
377,Teotepeque,13.5853,-89.5183,76.39,76.39,69,5
378,Jocoro,13.6167,-88.0167,78.94,78.94,51,14
379,Caluco,13.7167,-89.6667,78.04,78.04,70,5
380,Estanzuelas,13.65,-88.5,79.84,79.84,69,0
381,Nueva Guadalupe,13.5333,-88.35,75.9,75.9,63,1
382,Agua Caliente,14.1667,-89.2167,75.06,75.06,68,93
383,El Porvenir,14.0207,-89.6471,67.69,67.69,71,18
384,Helsinki,60.1756,24.9342,28.53,30.65,86,75
385,Espoo,60.21,24.66,28.47,31.55,92,100
386,Tampere,61.4981,23.76,30.22,31.03,100,100
387,Vantaa,60.3,25.0333,28.11,30.47,83,75
388,Oulu,65.0142,25.4719,15.91,15.91,92,100
389,Turku,60.4517,22.27,31.42,34.21,93,100
390,Jyväskylä,62.2333,25.7333,25.41,27.21,95,100
391,Kuopio,62.8925,27.6783,17.55,17.55,93,100
392,Lahti,60.9804,25.655,28.35,28.35,97,100
393,Kouvola,60.8681,26.7042,28.74,29.25,99,100
394,Pori,61.4847,21.7972,33.87,33.87,93,100
395,Joensuu,62.6,29.7639,23.49,23.49,100,100
396,Lappeenranta,61.0583,28.1861,27.81,33.78,98,100
397,Hämeenlinna,61.0,24.4414,29.14,29.14,96,100
398,Vaasa,63.1,21.6167,28.31,28.42,93,100
399,Rovaniemi,66.5028,25.7285,11.68,11.68,92,100
400,Seinäjoki,62.7903,22.8403,27.86,28.94,98,100
401,Mikkeli,61.6875,27.2736,26.22,26.78,100,100
402,Kotka,60.4667,26.9458,29.46,29.46,86,100
403,Salo,60.3831,23.1331,29.41,33.15,95,100
404,Porvoo,60.3931,25.6639,30.13,32.23,92,100
405,Kokkola,63.8376,23.131999999999998,19.94,24.94,95,75
406,Lohja,60.25,24.0667,27.86,32.18,92,100
407,Hyvinkää,60.6306,24.8597,27.36,29.48,98,100
408,Nurmijärvi,60.4667,24.8083,27.91,31.01,89,75
409,Järvenpää,60.4722,25.0889,27.99,30.34,86,75
410,Rauma,61.1167,21.5,33.76,33.76,99,100
411,Kirkkonummi,60.1167,24.4167,28.56,32.13,100,100
412,Tuusula,60.4028,25.0292,27.88,30.24,82,75
413,Kajaani,64.225,27.7333,21.2,21.2,93,100
414,Savonlinna,61.8667,28.8831,23.11,23.11,93,75
415,Kerava,60.4028,25.1,27.91,30.29,76,75
416,Nokia,61.4767,23.5053,30.25,31.08,100,100
417,Ylöjärvi,61.55,23.5833,29.68,30.49,100,100
418,Kaarina,60.4069,22.3722,31.23,34.02,94,100
419,Kangasala,61.4639,24.065,30.15,30.97,100,100
420,Jyväskylän Maalaiskunta,62.2889,25.7417,25.21,27.01,95,100
421,Riihimäki,60.7333,24.7667,27.57,29.68,98,100
422,Vihti,60.4167,24.3331,28.13,31.71,87,100
423,Raseborg,59.975,23.4361,31.1,33.03,97,100
424,Imatra,61.1931,28.7764,28.09,34.07,84,100
425,Sastamala,61.3417,22.9083,30.54,30.85,97,100
426,Raahe,64.6847,24.4792,15.91,15.91,99,100
427,Raisio,60.4861,22.1694,31.28,34.07,93,100
428,Hollola,60.9886,25.5128,28.06,28.06,97,100
429,Lempäälä,61.3139,23.7528,30.2,31.01,100,100
430,Iisalmi,63.5611,27.1889,10.45,10.45,100,98
431,Tornio,65.8497,24.1441,10.42,10.42,98,99
432,Siilinjärvi,63.075,27.66,17.19,17.19,93,100
433,Kemi,65.7336,24.5634,10.4,10.4,92,100
434,Paris,48.8566,2.3522,51.69,55.09,78,0
435,Marseille,43.2964,5.37,53.73,59.54,85,75
436,Lyon,45.76,4.84,53.02,57.99,70,100
437,Toulouse,43.6045,1.444,53.55,55.72,87,75
438,Nice,43.7034,7.2663,48,54.46,82,75
439,Nantes,47.2181,-1.5528,53.19,55.22,80,100
440,Montpellier,43.6119,3.8772,55.92,58.57,95,75
441,Strasbourg,48.5833,7.7458,32.02,42.31,87,0
442,Bordeaux,44.84,-0.58,53.87,54.34,87,0
443,Lille,50.6278,3.0583,49.01,50.94,80,100
444,Rennes,48.1147,-1.6794,52.83,55.45,91,100
445,Reims,49.2628,4.0347,46.42,50.27,87,0
446,Toulon,43.1258,5.9306,52.83,59.41,90,100
447,Saint-Étienne,45.4347,4.3903,41.61,53.76,67,0
448,Le Havre,49.49,0.1,53.37,54.54,82,0
449,Grenoble,45.1715,5.7224,39.63,50.14,89,79
450,Dijon,47.3167,5.0167,49.73,56.64,87,0
451,Angers,47.4736,-0.5542,55.02,55.69,70,100
452,Villeurbanne,45.7667,4.8803,45.79,57.97,70,100
453,Nîmes,43.838,4.361000000000001,55.18,56.62,94,100
454,Clermont-Ferrand,45.7831,3.0824,54.79,54.79,62,0
455,Le Mans,48.0077,0.1984,55.18,55.18,76,0
456,Aix-en-Provence,43.5263,5.4454,51.58,57.42,93,100
457,Brest,48.39,-4.49,55.89,57.51,100,100
458,Tours,47.3936,0.6892,52.32,52.95,81,71
459,Amiens,49.891999999999996,2.299,50.09,50.81,83,100
460,Limoges,45.8353,1.2625,52.72,53.4,71,0
461,Annecy,45.916000000000004,6.132999999999999,36.82,40.32,87,0
462,Boulogne-Billancourt,48.8352,2.2409,50.27,56.03,78,0
463,Perpignan,42.6986,2.8956,44.89,58.69,90,0
464,Besançon,47.24,6.02,50.79,56.43,63,100
465,Metz,49.1203,6.1778,40.86,56.41,81,0
466,Orléans,47.9025,1.909,48.54,51.98,78,0
467,Saint-Denis,48.9356,2.3539,51.85,55.26,76,0
468,Rouen,49.4428,1.0886,51.44,54.46,81,0
469,Argenteuil,48.95,2.25,50.79,56.05,76,0
470,Montreuil,48.8611,2.4436,51.35,54.77,77,0
471,Mulhouse,47.75,7.34,35.96,41.38,86,100
472,Caen,49.18,-0.37,53.37,54.32,82,75
473,Nancy,48.6936,6.1846,50.45,56.17,79,0
474,Roubaix,50.6901,3.1817,48.88,50.92,85,100
475,Tourcoing,50.7239,3.1612,48.7,50.76,85,100
476,Nanterre,48.8988,2.1969,50.41,56.16,76,0
477,Vitry-sur-Seine,48.7875,2.3928,51.71,55.11,79,0
478,Créteil,48.7911,2.4628,51.69,55.09,77,0
479,Avignon,43.95,4.8075,55.26,56.07,85,100
480,Poitiers,46.58,0.34,51.85,55.89,70,0
481,Aubervilliers,48.9131,2.3831,51.76,55.17,77,0
482,Dunkerque,51.0383,2.3775,48.09,50.07,45,100
483,Aulnay-sous-Bois,48.9386,2.4906,51.73,55.13,75,0
484,Berlin,52.5167,13.3833,37.09,40.96,91,0
485,Hamburg,53.55,10.0,41.29,46.26,86,40
486,Munich,48.1375,11.575,25.74,35.38,93,100
487,Cologne,50.9422,6.9578,48.22,54.86,83,0
488,Frankfurt,50.1136,8.6797,31.93,36.7,98,100
489,Düsseldorf,51.2311,6.7724,48.52,55.17,77,0
490,Stuttgart,48.7761,9.1775,33.42,40.66,94,100
491,Leipzig,51.3333,12.3833,38.77,41.86,72,0
492,Dortmund,51.5139,7.4653,47.75,53.47,77,75
493,Essen,51.4508,7.0131,50.25,53.49,81,97
494,Bremen,53.0769,8.8089,45.99,50.02,87,100
495,Dresden,51.05,13.74,30.96,36.99,90,0
496,Hannover,52.3744,9.7386,41.83,47.32,89,0
497,Nuremberg,49.4539,11.0775,30.34,33.37,88,0
498,Duisburg,51.4322,6.7611,49.82,54.79,81,0
499,Bochum,51.4833,7.2167,50.25,53.49,80,99
500,Wuppertal,51.2667,7.1833,47.03,52.74,87,97
501,Bielefeld,52.0167,8.5333,36.95,54.7,91,100
502,Bonn,50.7339,7.0997,40.82,54.14,85,0
503,Münster,51.9625,7.6256,49.14,53.04,80,0
504,Mannheim,49.4878,8.4661,32.83,43.81,87,100
505,Karlsruhe,49.0167,8.4,32.34,37,98,100
506,Augsburg,48.3717,10.8983,24.78,34.52,95,75
507,Wiesbaden,50.0825,8.24,31.75,36.52,95,100
508,Mönchengladbach,51.2,6.4333,49.69,55.49,77,100
509,Gelsenkirchen,51.5167,7.1,50.72,53.98,79,99
510,Aachen,50.7762,6.0838,50.81,54.32,72,100
511,Braunschweig,52.2692,10.5211,41.72,48.15,75,75
512,Kiel,54.3233,10.1394,42.21,46,100,100
513,Chemnitz,50.8333,12.9167,34.16,42.64,88,100
514,Halle,51.4828,11.9697,38.61,42.1,80,0
515,Magdeburg,52.1317,11.6392,39.02,40.95,89,100
516,Freiburg im Breisgau,47.995,7.85,33.69,40.89,90,100
517,Krefeld,51.3333,6.5667,49.73,55.04,76,100
518,Mainz,50.0,8.2667,32.09,36.86,94,100
519,Lübeck,53.8697,10.6864,39.33,46.29,81,100
520,Erfurt,50.9781,11.0292,34.68,44.19,83,75
521,Oberhausen,51.4699,6.8514,49.8,54.18,81,99
522,Rostock,54.0833,12.1333,39.87,42.91,97,100
523,Kassel,51.3158,9.4979,37.49,45.75,87,75
524,Hagen,51.3594,7.475,46.27,53.26,85,98
525,Potsdam,52.4,13.0667,37.15,41.02,94,100
526,Saarbrücken,49.2333,7.0,30.65,51.44,76,0
527,Hamm,51.6667,7.8167,49.86,53.87,82,98
528,Ludwigshafen,49.4811,8.4353,32.95,38.05,91,100
529,Mülheim,51.4275,6.8825,49.68,54.05,80,0
530,Oldenburg,53.1439,8.2139,46.11,50.14,89,100
531,Osnabrück,52.2789,8.0431,47.12,51.55,80,100
532,Leverkusen,51.0333,6.9833,46.92,54.97,81,99
533,Solingen,51.1667,7.0833,45.14,52.41,91,96
534,Guatemala City,14.6099,-90.5252,62.29,62.29,77,0
535,Villa Nueva,14.5314,-90.5964,63.9,63.9,77,0
536,Coatepeque,14.7,-91.8667,72.28,74.88,83,5
537,San Pedro Carchá,15.4768,-90.31200000000001,57.18,57.18,99,18
538,Cobán,15.4833,-90.3667,56.84,56.84,99,18
539,Quetzaltenango,14.8333,-91.5167,50.59,54.19,92,1
540,San Juan Sacatepéquez,14.7189,-90.6442,58.64,58.64,77,0
541,Jutiapa,14.2917,-89.8958,63.95,63.95,76,0
542,Flores,16.9333,-89.8833,70.48,70.48,86,3
543,Momostenango,15.0444,-91.4083,52.11,57.9,73,1
544,San Luis,16.2,-89.44,65.61,65.61,96,8
545,Nueva Concepción,14.1997,-91.2997,74.75,74.75,80,0
546,Santa Lucía Cotzumalguapa,14.3333,-91.0167,70.99,70.99,79,0
547,Amatitlán,14.4741,-90.6247,66,66,77,0
548,Jalapa,14.6379,-89.9904,57.92,57.92,85,2
549,Totonicapán,14.9108,-91.3606,48.7,54.52,73,0
550,Puerto Barrios,15.73,-88.6,72.23,72.23,92,10
551,Escuintla,14.3004,-90.78,76.06,76.06,71,0
552,Morales,15.4725,-88.8414,70.95,70.95,94,15
553,Chichicastenango,14.9442,-91.1105,54.81,54.81,95,0
554,Malacatán,14.9106,-92.0581,72.75,75.87,87,24
555,Mazatenango,14.5333,-91.5,73.53,76.12,81,0
556,Senahú,15.4164,-89.8203,59.81,59.81,98,3
557,Petapa,14.4962,-90.5525,65.14,65.14,77,0
558,Tacaná,15.2415,-92.0684,48.85,48.85,95,10
559,El Estor,15.5333,-89.35,70.9,70.9,91,8
560,Panzos,15.3986,-89.6408,70.56,70.56,96,2
561,San Cristóbal Verapaz,15.365,-90.4792,56.34,56.34,98,13
562,Lívingston,15.83,-88.75,74.05,74.05,90,18
563,Chiquimula,14.7833,-89.5333,67.82,67.82,95,0
564,Fray Bartolomé de Las Casas,15.8456,-89.8658,68.58,68.58,93,1
565,Villa Canales,14.4816,-90.53399999999999,65.68,65.68,77,0
566,Chinautla,14.7029,-90.5,65.71,65.71,77,0
567,Salamá,15.1052,-90.316,61.86,61.86,94,6
568,Santa María La Pila,15.6056,-89.8125,67.26,67.26,96,0
569,Chisec,15.8125,-90.3217,67.26,67.26,95,3
570,San Pedro Sacatepéquez,14.9664,-91.7775,50.36,52.95,86,5
571,Zacapa,14.9667,-89.5333,69.24,69.24,94,1
572,San Marcos,14.9653,-91.7958,49.78,52.38,86,8
573,San Francisco El Alto,14.95,-91.45,47.41,53.22,73,0
574,Los Amates,15.2667,-89.1,69.96,69.96,95,10
575,Purulhá,15.2353,-90.235,54.3,54.3,99,16
576,Esquipulas,14.6167,-89.2,62.74,62.74,98,9
577,Sololá,14.7667,-91.1833,53.56,55.87,91,0
578,Santa Catarina Pinula,14.5644,-90.488,60.49,60.49,77,0
579,Palín,14.4039,-90.6986,66.58,66.58,73,0
580,Nahualá,14.8429,-91.31700000000001,49.01,51.6,73,0
581,San Juan Chamelco,15.4257,-90.3263,56.55,56.55,99,17
582,Iztapa,13.9331,-90.7075,76.64,76.64,76,0
583,Cubulco,15.1083,-90.6306,61.93,61.93,95,4
584,Reykjavík,64.1475,-21.935,23.83,26.02,71,20
585,Kópavogur,64.1119,-21.9,23.61,25.81,71,20
586,Hafnarfjörður,64.0667,-21.95,23.92,26.11,71,20
587,Akureyri,65.6833,-18.1,24.35,24.35,74,100
588,Keflavík,64.0,-22.5819,23.7,25.07,80,40
589,Garðabær,64.0833,-22.0,23.99,26.19,71,20
590,Akranes,64.3167,-22.1,24.01,25.38,61,100
591,Selfoss,63.9322,-21.0002,23.88,26.08,46,86
592,Sauðárkrókur,65.7464,-19.639,24.84,24.84,80,97
593,Ísafjörður,66.0738,-23.1417,23.79,23.79,90,100
594,Höfn,64.25,-15.2167,31.68,31.68,70,100
595,Egilsstaðir,65.2667,-14.4,26.55,26.55,100,100
596,Borgarnes,64.5333,-21.9167,24.01,24.85,61,100
597,Dublin,53.3497,-6.2603,47.07,49.01,78,40
598,Cork,51.9,-8.4731,46.18,46.18,87,75
599,Galway,53.2729,-9.0418,46.78,46.78,81,20
600,Limerick,52.6653,-8.6238,46.08,46.35,86,43
601,Waterford,52.2583,-7.119,46.26,49.62,71,68
602,Drogheda,53.7139,-6.3503,47.01,48.94,82,41
603,Dún Dealgan,54.00899999999999,-6.4049,44.64,44.64,81,48
604,Swords,53.4597,-6.2181,46.96,48.88,77,40
605,Blackrock,53.3015,-6.1778,46.98,48.9,78,40
606,Tralee,52.2675,-9.6962,45.59,45.59,82,39
607,Carlow,52.8306,-6.9317,44.19,46.35,86,50
608,Ennis,52.8463,-8.9807,46.38,46.38,81,40
609,Dunleary,53.3,-6.14,47.17,49.12,78,40
610,Kilkenny,52.6477,-7.2561,44.83,48.51,85,49
611,Naas,53.2158,-6.6669,44.71,48.04,81,75
612,Wexford,52.3342,-6.4575,48.22,49.89,81,100
613,Sligo,54.2667,-8.4833,42.53,43.45,85,67
614,Leixlip,53.3636,-6.4864,46.8,48.74,79,75
615,Cobh,51.851000000000006,-8.2967,46.04,46.04,87,75
616,Killarney,52.0588,-9.5072,43.77,43.77,87,44
617,Shannon,52.7137,-8.8686,46.13,46.4,81,40
618,Dungarvan,52.0845,-7.6397,48.18,49.53,84,46
619,Kildare,53.1569,-6.909,44.62,47.93,84,37
620,Carrigtohill,51.9,-8.2667,46.26,47.19,87,75
621,Monaghan,54.2479,-6.9708,44.19,44.19,82,99
622,Dunboyne,53.4199,-6.4751,46.36,48.31,78,75
623,Ros Comáin,53.6333,-8.1833,43.12,43.12,85,82
624,Donegal,54.65,-8.117,45.39,45.39,83,79
625,Tallaght,53.2878,-6.3411,46.27,48.22,78,75
626,Wicklow,52.9779,-6.0329999999999995,47.19,48.88,86,100
627,Clonmel,52.355,-7.7039,45.28,49.41,88,30
628,Trim,53.555,-6.7917,46.51,48.45,83,26
629,Carrick on Shannon,53.9469,-8.09,43.2,43.2,87,92
630,Tullamore,53.2667,-7.5,44.02,46.18,88,68
631,Castlebar,53.85,-9.3,42.33,48.58,83,36
632,Mullingar,53.5333,-7.35,43.68,43.68,79,85
633,Longford,53.727,-7.7998,44.76,44.76,83,88
634,Nenagh,52.8619,-8.1967,44.94,44.94,85,54
635,Port Laoise,53.0309,-7.3008,43.66,45.82,86,15
636,An Cabhán,53.9908,-7.3606,44.37,44.37,82,96
637,Lifford,54.8356,-7.4779,46.08,46.08,80,100
638,Jerusalem,31.7833,35.2167,42.8,50.52,71,13
639,Tel Aviv-Yafo,32.08,34.78,51.98,58.1,71,0
640,Haifa,32.8,34.9833,56.75,56.75,45,6
641,Rishon LeẔiyyon,31.9711,34.7894,51.55,59.27,67,0
642,Petaẖ Tiqwa,32.0833,34.8833,51.51,59.23,71,0
643,Ashdod,31.7978,34.6503,51.91,58.05,59,8
644,Netanya,32.3328,34.86,51.82,57.94,50,16
645,Beersheba,31.2589,34.7978,56.8,56.8,60,25
646,Bené Beraq,32.0807,34.8338,51.6,59.32,67,0
647,Holon,32.0167,34.7667,51.91,59.65,67,0
648,Ramat Gan,32.07,34.8235,51.51,59.23,67,0
649,Ashqelon,31.6658,34.5664,51.6,57.72,65,11
650,Reẖovot,31.8914,34.8078,51.64,59.36,66,0
651,Bat Yam,32.0231,34.7503,51.91,58.05,70,0
652,Bet Shemesh,31.7514,34.9886,48.85,56.59,52,21
653,Kefar Sava,32.1858,34.9077,51.51,57.65,71,0
654,Herẕliyya,32.1556,34.8422,51.55,57.67,71,0
655,Hadera,32.45,34.9167,52.12,52.12,50,8
656,Modi‘in Makkabbim Re‘ut,31.9339,34.9856,49.78,57.51,68,0
657,Nazareth,32.7021,35.2978,55.65,55.65,47,4
658,Lod,31.95,34.9,51.44,59.16,67,0
659,Ramla,31.9275,34.8625,51.24,58.96,67,0
660,Ra‘ananna,32.1833,34.8667,51.69,57.81,71,0
661,Rahat,31.3925,34.7544,57.99,57.99,60,17
662,Nahariyya,33.0036,35.0925,60.08,60.08,43,10
663,Givatayim,32.0697,34.8117,51.62,59.34,67,0
664,Hod HaSharon,32.15,34.8833,51.82,57.94,71,0
665,Rosh Ha‘Ayin,32.0833,34.95,51.53,59.25,71,0
666,Qiryat Ata,32.8,35.1,60.06,60.06,45,5
667,Umm el Faḥm,32.5158,35.1525,55.42,55.42,52,5
668,Eilat,29.55,34.95,59.14,59.14,55,60
669,Nes Ẕiyyona,31.9333,34.8,51.84,59.56,67,0
670,‘Akko,32.9261,35.0839,60.12,60.12,56,8
671,El‘ad,32.0523,34.9512,51.12,58.84,71,0
672,Ramat HaSharon,32.15,34.8333,51.69,57.81,71,0
673,Karmiel,32.9,35.2833,56.98,56.98,56,4
674,Afula,32.6078,35.2897,59.47,59.47,50,4
675,Tiberias,32.7897,35.5247,60.78,60.78,47,5
676,Eṭ Ṭaiyiba,32.2667,35.0,51.64,57.76,51,26
677,Ben Zakkay,31.8833,34.7333,51.94,59.67,65,7
678,Pardés H̱anna Karkur,32.4711,34.9675,58.37,58.37,50,7
679,Shefar‘am,32.8056,35.1694,58.73,58.73,56,4
680,Qiryat Moẕqin,32.8369,35.0775,60.08,60.08,45,6
681,Qiryat Bialik,32.8331,35.0664,60.12,60.12,45,6
682,Qiryat Yam,32.8331,35.0664,60.12,60.12,45,6
683,Qiryat Ono,32.0636,34.8553,51.39,59.11,68,0
684,Or Yehuda,32.0333,34.85,51.84,59.56,67,0
685,Ma‘alot Tarshīḥā,33.0167,35.2708,54.75,54.75,56,6
686,Ẕefat,32.9658,35.4983,51.3,51.3,46,3
687,Dimona,31.07,35.03,53.04,53.04,58,37
688,Rome,41.8931,12.4828,38.03,50.59,86,20
689,Milan,45.4669,9.19,36.57,43.2,93,75
690,Naples,40.8333,14.25,40.82,50.85,78,0
691,Turin,45.0667,7.7,30.92,39.16,92,100
692,Palermo,38.1111,13.3517,49.71,55.35,80,7
693,Genoa,44.4072,8.934,39.22,56.25,93,75
694,Bologna,44.4939,11.3428,39.24,51.17,93,75
695,Florence,43.7714,11.2542,46.33,51.28,91,100
696,Bari,41.1253,16.8667,46.62,51.13,80,40
697,Catania,37.5027,15.0873,44.38,52.32,83,0
698,Venice,45.4397,12.3319,32.07,38.05,89,75
699,Verona,45.4386,10.9928,34.88,40.77,91,100
700,Messina,38.1936,15.5542,51.69,57.94,77,49
701,Padova,45.4064,11.8778,31.87,40.62,86,100
702,Trieste,45.6503,13.7703,33.84,40.68,87,94
703,Taranto,40.4181,17.2408,44.29,51.22,82,6
704,Brescia,45.5389,10.2203,39.29,42.12,94,75
705,Parma,44.8015,10.328,40.48,41.11,94,100
706,Prato,43.8808,11.0966,46.31,51.28,91,100
707,Modena,44.6458,10.9257,40.42,41.38,94,100
708,Reggio di Calabria,38.1144,15.65,51.55,57.81,77,42
709,Reggio Emilia,44.7,10.6333,40.55,41.18,90,100
710,Perugia,43.1121,12.3888,35.15,40.71,95,75
711,Ravenna,44.4161,12.2017,38.89,41.31,94,100
712,Livorno,43.55,10.3167,47.16,50.9,100,40
713,Cagliari,39.2167,9.1167,38.88,50.52,81,40
714,Foggia,41.4584,15.5519,42.58,45.82,93,0
715,Rimini,44.0594,12.5683,39.09,41.9,97,75
716,Salerno,40.6806,14.7597,41.63,50.85,62,3
717,Ferrara,44.8353,11.6199,38.97,41.58,90,100
718,Latina,41.4676,12.9037,45.07,51.12,82,32
719,Giugliano in Campania,40.9319,14.1956,39.92,49.95,83,0
720,Monza,45.5836,9.2736,36.21,42.84,93,75
721,Siracusa,37.0692,15.2875,44.53,51.94,82,4
722,Bergamo,45.695,9.67,37.44,41.81,93,75
723,Pescara,42.4643,14.2142,37.44,50.14,100,74
724,Trento,46.0667,11.1167,31.19,42.6,64,100
725,Forlì,44.2225,12.0408,38.61,44.55,93,100
726,Sassari,40.7267,8.5592,38.88,38.88,79,17
727,Vicenza,45.55,11.55,34.56,40.44,91,100
728,Terni,42.5667,12.65,36.86,44.22,82,66
729,Bolzano,46.5,11.35,55.02,55.02,83,100
730,Novara,45.45,8.6167,35.8,40.71,95,100
731,Piacenza,45.05,9.7,40.23,41.83,92,100
732,Ancona,43.6167,13.5167,40.71,42.62,68,75
733,Andria,41.2317,16.3083,46.27,49.59,84,0
734,Udine,46.0667,13.2333,29.12,36.34,87,0
735,Arezzo,43.4631,11.8781,39.85,52.03,94,78
736,Cesena,44.1333,12.2333,38.64,44.58,92,40
737,Lecce,40.352,18.1691,42.69,54.84,93,40
738,Luxembourg,49.6106,6.1328,34.5,47.35,92,100
739,Esch-sur-Alzette,49.4969,5.9806,34.34,47.19,88,100
740,Dudelange,49.4806,6.0875,34.34,47.19,93,100
741,Differdange,49.5242,5.8914,34.25,47.1,87,100
742,Belvaux,49.5167,5.9333,33.55,46.42,88,100
743,Rodange,49.5467,5.8397,34.34,47.19,87,100
744,Niedercorn,49.5333,5.9,34.36,47.21,87,100
745,Diekirch,49.8678,6.1558,35.53,48.38,92,100
746,Soleuvre,49.5333,5.9333,34.12,46.98,89,100
747,Bascharage,49.5667,5.9167,34.41,47.28,89,100
748,Kayl,49.4864,6.0392,34.43,47.28,93,100
749,Echternach,49.8117,6.4217,35.87,48.74,97,100
750,Steinfort,49.66,5.9156,34.21,47.08,87,100
751,Rumelange,49.4597,6.0306,34.32,47.17,93,100
752,Wiltz,49.9689,5.9319,34.09,46.94,92,100
753,Mondorf-les-Bains,49.5069,6.2806,35.55,48.4,93,100
754,Grevenmacher,49.6747,6.4419,36.21,49.06,93,100
755,Remich,49.5444,6.3667,35.89,48.74,93,100
756,Vianden,49.935,6.2089,35.08,47.93,99,100
757,Capellen,49.6444,5.9897,34.11,46.98,91,100
758,Clervaux,50.0547,6.0314,33.01,46.35,99,100
759,Mersch,49.7489,6.1061,35.22,48.07,93,100
760,Redange-sur-Attert,49.7656,5.8908,34.45,47.3,84,100
761,Birkirkara,35.9,14.4667,55.78,57.83,88,75
762,Saint Paul’s Bay,35.9483,14.4017,56.21,58.28,88,75
763,Mosta,35.9,14.4333,55.35,57.42,88,75
764,Sliema,35.9122,14.5042,55.98,58.03,88,75
765,Qormi,35.8794,14.4722,55.89,57.94,88,75
766,Żabbar,35.8772,14.5381,55.81,57.87,88,75
767,Naxxar,35.915,14.4447,54.79,56.84,88,75
768,San Ġwann,35.9094,14.4786,55.45,57.52,88,75
769,Marsaskala,35.8625,14.5675,56.05,58.12,88,75
770,Żebbuġ,35.8733,14.4417,55.08,57.13,88,75
771,Fgura,35.8725,14.5228,55.72,57.78,88,75
772,Żejtun,35.8556,14.5333,55.6,57.65,88,75
773,Rabat,35.8817,14.3989,54,56.05,88,75
774,Attard,35.9,14.45,55.65,57.7,88,75
775,Żurrieq,35.8292,14.4744,54.91,56.97,88,75
776,Mellieħa,35.95,14.3667,55.63,57.69,88,75
777,Swieqi,35.9208,14.48,55.72,57.78,88,75
778,Birżebbuġa,35.8267,14.5278,56.25,58.3,88,75
779,Ħamrun,35.8861,14.4894,55.81,57.88,88,75
780,Tarxien,35.865,14.5111,55.62,57.67,88,75
781,Imsida,35.8978,14.4894,56.14,58.19,88,75
782,Siġġiewi,35.8542,14.4383,54.95,57.02,88,75
783,Gżira,35.905,14.4939,56.23,58.28,88,75
784,Paola,35.8728,14.5075,55.62,57.67,88,75
785,San Ġiljan,35.9186,14.49,56.01,58.06,88,75
786,Santa Venera,35.8903,14.4778,55.78,57.85,88,75
787,Victoria,36.05,14.25,55.81,57.88,89,98
788,Valletta,35.8978,14.5125,55.85,57.9,88,75
789,Luqa,35.8597,14.4892,55.42,57.49,88,75
790,Cospicua,35.8822,14.5222,56.12,58.17,88,75
791,Xagħra,36.0503,14.2675,54.68,56.75,89,98
792,Għaxaq,35.8483,14.5172,55.53,57.58,88,75
793,Nadur,36.0381,14.295,54.54,56.59,89,97
794,Marsa,35.8833,14.4947,56.14,58.19,88,75
795,Pietà,35.8833,14.4833,55.89,57.96,88,75
796,Balzan,35.8975,14.4533,55.65,57.7,88,75
797,Pembroke,35.9264,14.4808,55.72,57.78,88,75
798,Imġarr,35.9197,14.3664,55.08,57.15,88,75
799,Dingli,35.8603,14.3814,53.56,55.62,88,75
800,Marsaxlokk,35.8417,14.5447,56.21,58.26,88,75
801,Imqabba,35.8442,14.4669,55.2,57.25,88,75
802,Xewkija,36.0331,14.2583,55.17,57.22,89,98
803,Għajnsielem,36.0269,14.2903,55.65,57.7,89,97
804,Iklin,35.9042,14.4544,55.65,57.7,88,75
805,Lija,35.9014,14.4472,55.65,57.7,88,75
806,Kalkara,35.8892,14.5294,55.96,58.01,88,75
807,Gudja,35.8483,14.5025,55.45,57.52,88,75
808,Senglea,35.8878,14.5169,56.32,58.37,88,75
809,Għargħur,35.9241,14.4534,54.7,56.75,88,75
810,Qrendi,35.8342,14.4589,55.06,57.11,88,75
811,Mexico City,19.4333,-99.1333,55.81,64.29,50,0
812,Guadalajara,20.6767,-103.3475,60.55,63.95,40,0
813,Tijuana,32.525,-117.0333,51.13,57.72,72,20
814,Ecatepec,19.6097,-99.06,59.74,64.04,45,0
815,León de los Aldama,21.1167,-101.6833,57.22,57.22,25,0
816,Puebla,19.0333,-98.1833,58.28,58.28,52,3
817,Zapopan,20.7167,-103.4,60.55,63.95,40,0
818,Juárez,31.7386,-106.48700000000001,45.05,50.23,53,0
819,Monterrey,25.6667,-100.3,53.74,60.82,82,0
820,Ciudad Nezahualcóyotl,19.41,-99.03,60.12,64.42,47,0
821,Nezahualcóyotl,19.4,-98.9889,60.1,64.4,47,0
822,Mexicali,32.6633,-115.4678,53.08,55.6,42,8
823,Villahermosa,17.9892,-92.9281,75.09,75.83,89,0
824,Morelia,19.7683,-101.1894,59.65,59.65,59,0
825,Aguascalientes,21.875999999999998,-102.296,58.96,58.96,20,0
826,Naucalpan de Juárez,19.4753,-99.2378,55.18,63.66,51,0
827,Mérida,20.97,-89.62,77.02,78.01,78,20
828,Cancún,21.1606,-86.8475,71.06,71.53,94,20
829,Chihuahua,28.6353,-106.0889,49.01,51.98,40,20
830,Saltillo,25.4333,-101.0,59.05,59.92,35,0
831,Hermosillo,29.0989,-110.9542,55.94,66.69,26,0
832,Culiacán,24.8069,-107.3939,65.25,67.78,56,20
833,Querétaro,20.5875,-100.3928,61.84,61.84,26,2
834,San Luis Potosí,22.1511,-100.9761,62.22,62.22,34,0
835,Tlajomulco de Zúñiga,20.4736,-103.4431,60.12,62.53,31,0
836,Torreón,25.5394,-103.4486,61.93,66.13,27,0
837,Guadalupe,25.6775,-100.2597,54.05,61.11,91,100
838,Acapulco de Juárez,16.8636,-99.8825,80.46,80.46,78,0
839,Tlaquepaque,20.6167,-103.3167,60.15,62.56,40,0
840,Mazatlán,23.2167,-106.4167,66.16,70.02,80,75
841,Durango,24.0167,-104.6667,58.68,58.68,23,0
842,Tlalnepantla,19.5367,-99.1947,55.62,64.09,49,0
843,Chimalhuacán,19.4167,-98.9,59.9,64.18,45,0
844,Tuxtla,16.7528,-93.1167,72.48,72.48,92,85
845,Irapuato,20.6667,-101.35,58.19,58.19,23,0
846,Reynosa,26.0922,-98.2778,56.88,60.78,77,100
847,Tonalá,20.6167,-103.2333,59.92,63.32,40,0
848,Ensenada,31.8578,-116.6058,51.78,51.78,63,6
849,Heroica Matamoros,25.8797,-97.5042,56.91,58.87,88,100
850,Ciudad Apodaca,25.7833,-100.1833,54.88,61.95,100,100
851,Tultitlán de Mariano Escobedo,19.645,-99.1694,59.88,64.18,34,33
852,Ixtapaluca,19.3186,-98.8822,59.9,64.2,53,6
853,Celaya,20.5222,-100.8122,63.63,66.72,27,2
854,Los Mochis,25.7835,-108.9937,60.67,60.67,67,40
855,Ciudad López Mateos,19.55,-99.2833,52.74,61.21,31,75
856,San Nicolás de los Garza,25.75,-100.2833,54.1,61.16,93,100
857,Veracruz,19.1903,-96.1533,71.13,71.73,88,40
858,Xalapa,19.54,-96.9275,58.8,58.8,93,62
859,Nuevo Laredo,27.4861,-99.5069,53.85,55.62,87,100
860,Tecámac,19.7131,-98.9683,63.52,63.91,46,2
861,Amsterdam,52.3667,4.8833,45.91,50.97,90,20
862,Rotterdam,51.9225,4.4792,46.85,50.92,88,100
863,The Hague,52.08,4.31,46.89,50.95,88,100
864,Utrecht,52.0889,5.1156,46.89,51.12,91,100
865,Eindhoven,51.4344,5.4842,47.82,55.09,82,75
866,Tilburg,51.57,5.07,47.08,52.14,83,100
867,Almere,52.3758,5.2256,46.02,51.24,90,100
868,Groningen,53.2167,6.5667,47.95,50.02,60,100
869,Breda,51.5875,4.775,47.14,51.94,89,100
870,Nijmegen,51.8475,5.8625,47.68,52.14,89,100
871,Haarlem,52.3803,4.6406,45.95,51.94,89,20
872,Apeldoorn,52.21,5.97,48.79,52.3,83,75
873,Enschede,52.2236,6.8956,49.55,52.41,78,100
874,Amersfoort,52.15,5.38,46.85,52.21,90,100
875,Hoofddorp,52.3008,4.6653,47.01,51.08,89,20
876,Zaanstad,52.4697,4.7767,46,52,84,20
877,Arnhem,51.9833,5.9167,47.91,52.29,83,75
878,’s-Hertogenbosch,51.6833,5.3167,47.93,52.25,70,100
879,Zoetermeer,52.0611,4.4933,46.94,51.03,81,100
880,Zwolle,52.5167,6.1,48.92,51.96,86,100
881,Leiden,52.1544,4.4947,46.94,51.01,80,100
882,Maastricht,50.8667,5.6833,51.55,55.83,75,100
883,Dordrecht,51.81,4.67,46.94,51.93,91,100
884,Alphen aan den Rijn,52.1333,4.65,46.96,51.03,79,100
885,Alkmaar,52.6289,4.744,45.95,50.97,73,100
886,Emmen,52.7833,6.9,47.8,50.95,86,100
887,Delft,52.0119,4.3594,46.94,51.01,88,100
888,Deventer,52.25,6.2,49.98,52.41,86,100
889,Amstelveen,52.3019,4.8581,46,51.04,89,20
890,Helmond,51.4797,5.6556,48.78,55.09,80,75
891,Oss,51.7667,5.5167,47.91,52.41,89,75
892,Hilversum,52.23,5.18,45.91,51.13,90,100
893,Heerlen,50.8833,5.9833,51.48,54.97,73,0
894,Hengelo,52.2656,6.7931,49.86,52.72,78,100
895,Purmerend,52.505,4.9639,45.99,51.01,90,100
896,Schiedam,51.9167,4.4,46.92,50.99,88,100
897,Lelystad,52.5167,5.4833,46.99,52.02,89,100
898,Roosendaal,51.5314,4.4556,47.16,51.98,88,100
899,Hoorn,52.6533,5.0733,45.99,51.03,88,100
900,Spijkenisse,51.8333,4.3167,46.98,52,85,100
901,Ede,52.0436,5.6667,47.75,52.23,83,75
902,Almelo,52.3575,6.6667,49.89,52.74,79,100
903,Vlaardingen,51.9167,4.35,46.96,51.03,88,100
904,Gouda,52.0181,4.7056,46.98,51.04,80,100
905,Zaandam,52.4417,4.8422,45.97,50.99,90,20
906,Velsen-Zuid,52.4667,4.6167,45.99,51.04,90,100
907,Assen,53.0,6.55,47.89,50.02,69,100
908,Bergen op Zoom,51.5,4.3,47.19,53.04,84,100
909,Capelle aan den IJssel,51.9357,4.5782,47.01,51.08,82,100
910,Veenendaal,52.025,5.555,47.88,52.38,90,100
911,Auckland,-36.85,174.7833,74.57,76.53,65,20
912,Wellington,-41.2889,174.7772,62.51,64.81,80,75
913,Christchurch,-43.5309,172.6365,58.42,59.22,72,100
914,Manukau City,-37.0,174.885,74.44,76.41,69,20
915,Waitakere,-36.849000000000004,174.543,74.01,75.97,63,11
916,Northcote,-36.7913,174.7758,74.52,76.48,65,6
917,Hamilton,-37.7833,175.2833,70.2,75.96,80,7
918,Tauranga,-37.6858,176.1667,68.86,71.92,81,99
919,Lower Hutt,-41.2167,174.9167,62.51,64.81,80,75
920,Dunedin,-45.8742,170.5036,54.81,54.81,70,100
921,Palmerston North,-40.3549,175.6095,67.75,70.52,79,100
922,Napier,-39.4833,176.9167,64.27,64.27,92,100
923,Porirua,-41.1333,174.85,62.02,64.33,80,100
924,Rotorua,-38.1378,176.2514,63.55,68.74,88,89
925,New Plymouth,-39.0578,174.0742,61.75,69.98,100,76
926,Whangarei,-35.725,174.3236,70.43,70.43,69,59
927,Nelson,-41.2931,173.2381,66.94,66.94,66,100
928,Invercargill,-46.428999999999995,168.362,52.74,52.74,64,89
929,Upper Hutt,-41.1333,175.05,61.95,64.26,86,99
930,Whanganui,-39.9333,175.05,66.6,66.6,76,100
931,Gisborne,-38.6625,178.0178,67.68,67.68,77,100
932,Paraparaumu,-40.9167,175.0167,61.45,63.75,74,99
933,Timaru,-44.3931,171.2508,53.62,53.62,87,100
934,Blenheim,-41.5167,173.95,54.16,60.53,87,100
935,Pukekohe East,-37.195,174.9481,73.89,75.34,65,14
936,Taupo,-38.69,176.08,64.13,64.13,88,51
937,Masterton,-40.9667,175.65,61.92,61.92,99,100
938,Cambridge,-37.8833,175.4667,69.76,75.52,83,20
939,Ashton,-44.033,171.77200000000002,54.82,54.82,82,100
940,Levin,-40.625,175.2833,62.71,67.77,85,100
941,Macetown,-44.865,168.81900000000002,50.83,50.83,76,100
942,Rolleston,-43.596000000000004,172.38299999999998,57.97,58.77,81,100
943,Feilding,-40.225,175.565,65.91,70.05,78,99
944,Whakatane,-37.964,176.984,69.76,71.47,89,100
945,Richmond,-41.3333,173.1833,66.54,66.54,72,99
946,Havelock North,-39.6667,176.8833,64.85,64.85,92,100
947,Tokoroa,-38.22,175.872,63.09,63.09,85,52
948,Mosgiel,-45.875,170.34799999999998,54.75,54.75,86,100
949,Te Awamutu,-38.0083,175.325,69.96,72.75,83,5
950,Waikanae,-40.876,175.06400000000002,62.78,64.56,85,99
951,Hawera,-39.5833,174.2833,62.98,62.98,93,100
952,Glencoe,-46.192,168.646,53.38,53.38,67,100
953,Waiuku,-37.25,174.7333,75.15,76.6,61,4
954,Wanaka,-44.7081,169.1239,52.47,52.47,81,100
955,Te Puke,-37.7833,176.3167,68.83,71.89,83,100
956,Greymouth,-42.4667,171.2,65.32,65.32,70,94
957,Matamata,-37.8097,175.7733,66.18,72.63,81,70
958,Thames,-37.1383,175.5375,74.98,74.98,55,74
959,Kawerau,-38.0847,176.6996,69.35,71.06,85,100
960,Kerikeri,-35.2244,173.9514,76.66,76.66,63,6
961,Oslo,59.9111,10.7528,27.84,34.7,1,100
962,Bergen,60.3925,5.3233,42.15,46.92,100,75
963,Trondheim,63.44,10.4,26.92,37.45,90,100
964,Stavanger,58.9701,5.7333,46.85,49.24,94,100
965,Kristiansand,58.1467,7.9956,34.32,36.86,94,100
966,Drammen,59.7439,10.2045,27.9,33.67,94,100
967,Fredrikstad,59.2167,10.95,31.05,34.66,92,100
968,Sandefjord,59.1288,10.2197,30.49,34.61,99,100
969,Asker,59.8331,10.4392,30.18,33.58,1,100
970,Nordre Fåle,59.75,10.8667,29.71,33.12,44,100
971,Sandnes,58.85,5.7333,46.9,49.32,93,100
972,Tønsberg,59.2981,10.4236,30.09,34.21,98,100
973,Skien,59.2081,9.5528,29.52,32.81,97,100
974,Sarpsborg,59.2839,11.1096,31.93,34.36,92,100
975,Bodø,67.2833,14.3833,29.52,32.11,60,0
976,Ålesund,62.4723,6.1549,37.54,45.16,100,100
977,Moss,59.434,10.6577,30.43,34.79,100,75
978,Arendal,58.4667,8.7667,35.35,35.35,96,100
979,Lørenskog,59.8989,10.9642,28.11,32.85,54,100
980,Tromsø,69.6546,18.9637,26.37,26.58,86,100
981,Haugesund,59.4102,5.2755,48.27,49.23,93,75
982,Porsgrunn,59.1419,9.6568,30.52,33.82,97,100
983,Ringsaker,61.0242,10.8019,21.78,21.78,98,100
984,Molde,62.7333,7.1833,35.65,37.99,93,100
985,Halden,59.1264,11.4828,30.79,32.99,98,100
986,Ski,59.7419,10.8939,29.93,33.33,46,100
987,Askøy,60.4667,5.15,41.76,45.55,45,75
988,Lillehammer,61.1146,10.4674,24.55,24.55,98,100
989,Hamar,60.7944,11.0678,25.38,25.38,98,100
990,Kongsberg,59.665,9.6464,26.17,31.96,99,100
991,Sola,58.88,5.6286,46.94,49.33,93,100
992,Oppegård,59.7925,10.7903,29.8,33.93,1,100
993,Lier,59.8675,10.2142,25.59,31.39,94,100
994,Eidsvoll,60.3475,11.2508,28.8,30.11,96,100
995,Nedre Eiker,59.7647,10.0333,25.36,31.15,94,100
996,Sand,59.1344,10.2283,30.29,34.41,99,100
997,Harstad,68.7988,16.5393,10.35,29.86,100,100
998,Larvik,59.0532,10.0271,30.09,32.95,98,100
999,Nittedal,60.0731,10.8722,27.72,29.26,97,100
1000,Stjørdal,63.475,11.1708,25.68,36.23,65,75
1001,Borre,59.3799,10.4539,30.18,34.56,98,75
1002,Røyken,59.7336,10.4289,29.28,33.93,1,100
1003,Sem,59.28,10.3308,30.33,34.45,98,100
1004,Nøtterøy,59.2011,10.4078,30.29,34.41,100,100
1005,Elverum,60.8833,11.5667,25.95,25.95,98,100
1006,Stange,60.6494,11.3664,26.53,26.55,98,100
1007,Gjøvik,60.7957,10.6916,25.18,25.18,98,100
1008,Horten,59.4172,10.4834,30.42,34.77,98,75
1009,Ås,59.6603,10.7836,30.2,33.82,48,100
1010,Kleppe,58.7772,5.5967,46.81,49.23,92,100
1011,Panama City,9.0,-79.5,77.04,79.48,79,20
1012,San Miguelito,9.033,-79.5,76.44,78.89,78,20
1013,Colón,9.365,-79.875,79.16,79.3,80,97
1014,David,8.4333,-82.4333,78.44,78.44,83,20
1015,La Chorrera,8.8792,-79.7822,76.24,80.35,94,86
1016,Balboa Heights,8.95,-79.5667,76.89,79.32,83,20
1017,Pacora,9.08,-79.28,76.98,79.41,74,40
1018,Chitré,7.9667,-80.4333,74.28,74.28,84,64
1019,Santiago,8.1004,-80.9833,73.6,73.6,93,100
1020,Penonomé,8.51,-80.36,77.61,77.61,90,95
1021,Puerto Armuelles,8.2777,-82.8621,78.91,78.91,84,100
1022,Bocas del Toro,9.3403,-82.242,79.57,79.57,74,100
1023,Las Tablas,7.7604,-80.28,74.14,74.14,99,52
1024,Guararé,7.7667,-80.2833,74.17,74.17,99,52
1025,Guabito,9.4949,-82.6117,72.07,72.07,86,99
1026,Almirante,9.3,-82.4,75.78,75.78,84,100
1027,La Palma,8.3982,-78.1402,74.16,74.16,94,100
1028,Jaqué,7.519,-78.166,76.86,76.86,89,92
1029,Gaigirgordub,9.5583,-78.9483,81.03,81.03,81,95
1030,Buabidi,8.4746,-81.6983,62.78,62.78,92,68
1031,Sieyik,9.3832,-82.6521,71.11,71.11,90,99
1032,Unión Chocó,8.0778,-77.5583,73.33,73.33,98,96
1033,Warsaw,52.23,21.0111,29.95,32.79,91,75
1034,Kraków,50.0614,19.9372,24.98,37.58,84,75
1035,Łódź,51.7769,19.4547,32.11,33.42,88,100
1036,Wrocław,51.11,17.0325,32,36.93,78,0
1037,Poznań,52.4083,16.9336,34.07,36.34,95,100
1038,Gdańsk,54.3667,18.6333,33.85,39.83,94,100
1039,Szczecin,53.4247,14.5553,37.02,39.33,89,100
1040,Bydgoszcz,53.1167,18.0,32.94,36.28,96,20
1041,Lublin,51.2333,22.5667,30.54,30.54,80,40
1042,Białystok,53.1167,23.1667,26.92,27.95,90,100
1043,Katowice,50.25,19.0,31.28,32.58,90,100
1044,Gdynia,54.5189,18.5319,33.87,38.05,93,100
1045,Częstochowa,50.8096,19.1222,31.98,33.08,75,100
1046,Radom,51.4036,21.1567,28.42,31.6,87,100
1047,Toruń,53.0167,18.6167,32.74,37.38,98,100
1048,Sosnowiec,50.3,19.1667,31.78,32.72,91,100
1049,Kielce,50.8725,20.6319,28.76,29.98,33,100
1050,Rzeszów,50.05,22.0,33.37,33.82,74,20
1051,Gliwice,50.3011,18.6498,32.05,33.04,83,100
1052,Zabrze,50.3,18.7833,31.68,32.68,86,100
1053,Olsztyn,53.78,20.4942,30.16,30.16,95,100
1054,Bielsko-Biała,49.8225,19.0444,29.03,36.39,85,100
1055,Bytom,50.347,18.923,31.46,32.76,89,75
1056,Rybnik,50.0833,18.5,31.62,32.61,85,100
1057,Ruda Śląska,50.2701,18.8742,31.37,32.67,89,100
1058,Zielona Góra,51.9397,15.505,34.29,37.09,45,100
1059,Tychy,50.1667,19.0,31.68,32.99,93,100
1060,Opole,50.6722,17.9253,28.18,28.18,35,100
1061,Gorzów Wielkopolski,52.7333,15.25,35.85,35.85,86,100
1062,Dąbrowa Górnicza,50.3239,19.1947,31.89,32.81,89,75
1063,Płock,52.55,19.7,32.74,32.74,90,100
1064,Elbląg,54.1667,19.4,33.93,34.95,96,100
1065,Wałbrzych,50.7667,16.2833,29.08,31.37,70,100
1066,Tarnów,50.0125,20.9883,32.52,32.72,81,100
1067,Koszalin,54.1903,16.1817,38.08,38.08,89,100
1068,Chorzów,50.3,18.95,31.24,32.54,90,100
1069,Kalisz,51.757,18.083,34.05,34.05,82,100
1070,Legnica,51.2101,16.1619,32,34.79,85,100
1071,Włocławek,52.65,19.05,33.08,33.08,86,100
1072,Grudziądz,53.4875,18.755,33.19,35.01,92,100
1073,Jaworzno,50.2,19.275,28.99,32.45,90,100
1074,Jelenia Góra,50.9,15.7333,27.36,30.51,87,100
1075,Siedlce,52.1833,22.2833,28.02,28.02,93,100
1076,Mysłowice,50.2333,19.1333,29.59,32.77,90,100
1077,Piotrków Trybunalski,51.4,19.6833,32.14,33.48,82,100
1078,Konin,52.2275,18.2614,33.98,33.98,81,100
1079,Inowrocław,52.7958,18.2611,32.56,36.91,68,100
1080,Ostrowiec Świętokrzyski,50.9333,21.4,30.78,30.78,82,100
1081,Suwałki,54.0833,22.9333,26.69,26.69,94,100
1082,Gniezno,52.5333,17.6,33.69,35.38,83,100
1083,Doha,25.3,51.5333,63.01,68.09,68,0
1084,Al Wakrah,25.18,51.61,62.94,68.02,68,0
1085,Ar Rayyān,25.2919,51.4244,62.73,67.82,68,0
1086,Al Khawr,25.6839,51.5058,67.89,67.98,77,7
1087,Umm Şalāl ‘Alī,25.4697,51.3975,62.83,67.91,82,0
1088,Ash Shīḩānīyah,25.3722,51.2047,62.51,67.59,83,0
1089,Az̧ Z̧a‘āyin,25.5669,51.4847,67.93,68.02,79,2
1090,Madīnat ash Shamāl,26.14,51.22,70.03,70.03,68,6
1091,Riyadh,24.65,46.71,48.58,48.58,40,0
1092,Jeddah,21.5428,39.1728,73.36,73.36,60,0
1093,Mecca,21.4225,39.8261,73.22,73.22,66,5
1094,Medina,24.4667,39.6,64.81,64.81,34,0
1095,Ad Dammām,26.4333,50.1,51.96,55.54,71,0
1096,Al Hufūf,25.3608,49.5997,55.62,55.62,44,0
1097,Al Ḩillah,23.4895,46.7564,52.29,52.29,42,0
1098,Aţ Ţā’if,21.2667,40.4167,47.41,47.41,56,4
1099,Tabūk,28.3838,36.555,50.13,50.13,57,0
1100,Buraydah,26.3333,43.9667,48.61,48.61,87,0
1101,Ḩā’il,27.5236,41.7001,48.31,48.31,76,0
1102,Al Qaţīf,26.5196,50.0115,52.03,55.62,57,0
1103,Al Mubarraz,25.4416,49.6642,55.9,55.9,47,0
1104,Al Kharj,24.1556,47.312,53.92,53.92,42,0
1105,Yanbu‘,24.0943,38.0493,66.29,66.29,59,0
1106,Ḩafr al Bāţin,28.4337,45.9601,46.96,46.96,76,0
1107,Al Jubayl,27.0046,49.646,53.69,53.69,59,0
1108,Abhā,18.2167,42.5,44.78,46.15,81,0
1109,Al Khubar,26.3,50.2167,51.98,66.15,71,0
1110,Sakākā,30.0,40.1333,48.97,48.97,52,3
1111,Jāzān,16.8892,42.5611,75.18,75.18,83,0
1112,Khamīs Mushayţ,18.3,42.7333,47.48,48.87,81,0
1113,Qal‘at Bīshah,20.0087,42.5987,51.85,51.85,66,0
1114,Najrān,17.4917,44.1322,48.87,48.87,63,0
1115,Rafḩā,29.6202,43.4948,46.38,46.38,61,0
1116,Al Wajh,26.2324,36.4636,67.95,67.95,49,0
1117,Dhahran,26.2667,50.15,51.82,65.98,71,0
1118,Arar,30.9833,41.0167,44.71,44.71,65,0
1119,As Sulayyil,20.4623,45.5722,55.69,55.69,62,0
1120,Dawmat al Jandal,29.8153,39.8664,48.99,48.99,49,3
1121,Al Bāḩah,20.0129,41.4677,44.02,44.02,52,4
1122,Ad Dir‘īyah,24.7333,46.5756,47.86,47.86,41,0
1123,Al Ḩawīyah,21.4411,40.4975,49.3,49.3,57,0
1124,Al Majma‘ah,25.9039,45.3456,53.1,53.1,37,35
1125,Ḑurumā,24.6173,46.2256,55.42,55.42,38,25
1126,Al Qurayyāt,31.3333,37.3333,41.11,41.11,60,0
1127,Al Quway‘īyah,24.0737,45.2806,56.43,56.43,42,0
1128,Laylá,22.2833,46.7333,54.14,54.14,46,0
1129,Turabah,21.2142,41.6331,54.64,54.64,54,1
1130,Al Qunfudhah,19.1264,41.0789,78.3,78.3,70,6
1131,Singapore,1.3,103.8,80.1,82.6,76,75
1132,Bratislava,48.1447,17.1128,28.4,32.9,89,100
1133,Košice,48.7167,21.25,25.32,26.76,91,75
1134,Petržalka,48.1333,17.1167,28.51,32.99,89,100
1135,Prešov,49.0,21.2333,24.91,26.35,76,100
1136,Žilina,49.2167,18.7333,29.57,30.69,88,40
1137,Banská Bystrica,48.7353,19.1453,30.67,30.67,87,100
1138,Nitra,48.3147,18.0875,32.05,33.55,68,100
1139,Trnava,48.3777,17.5862,29.98,32.88,76,100
1140,Trenčín,48.8942,18.0406,31.35,32.92,86,100
1141,Martin,49.0636,18.9214,28.98,30.09,85,100
1142,Poprad,49.05,20.3,32.11,33.22,59,75
1143,Prievidza,48.7714,18.6242,30.43,31.55,88,100
1144,Zvolen,48.5831,19.1331,29.41,29.41,85,100
1145,Považská Bystrica,49.1167,18.45,30.24,31.35,86,40
1146,Michalovce,48.7575,21.9183,27.1,29.52,71,100
1147,Nové Zámky,47.9831,18.1728,30.31,34,91,100
1148,Spišská Nová Ves,48.95,20.5667,34.77,35.89,88,100
1149,Komárno,47.7633,18.1283,30.36,34.05,80,100
1150,Humenné,48.9306,21.9122,29.16,29.16,77,100
1151,Liptovský Mikuláš,49.0811,19.6181,33.44,34.56,90,100
1152,Bardejov,49.295,21.2758,28.54,30.72,82,100
1153,Levice,48.2136,18.6069,33.51,33.51,69,100
1154,Lučenec,48.3314,19.6708,29.39,29.39,72,100
1155,Piešťany,48.5833,17.8333,32.05,33.37,80,100
1156,Ružomberok,49.0786,19.3083,28.04,29.16,89,100
1157,Topoľčany,48.55,18.1833,32,33.33,78,100
1158,Pezinok,48.2667,17.2667,29.44,32.99,90,100
1159,Trebišov,48.6333,21.7167,26.53,27.97,65,100
1160,Čadca,49.4386,18.7883,28.67,29.79,91,100
1161,Dubnica nad Váhom,48.9575,18.1658,30.72,32.56,89,100
1162,Rimavská Sobota,48.3814,20.02,29.61,29.61,67,100
1163,Partizánske,48.6333,18.3667,31.68,33.01,84,100
1164,Dunajská Streda,47.9961,17.6147,30.31,34.02,92,100
1165,Vranov nad Topľou,48.8806,21.6731,26.28,29.37,74,100
1166,Šaľa,48.15,17.8833,30.36,34.03,73,100
1167,Hlohovec,48.4311,17.8031,32.14,33.48,72,100
1168,Brezno,48.8036,19.6381,28.26,28.26,89,100
1169,Senica,48.6806,17.3667,31.46,32.79,81,100
1170,Senec,48.2189,17.3997,30.22,33.1,89,100
1171,Nové Mesto nad Váhom,48.7833,17.8333,31.12,32.43,89,100
1172,Snina,48.9881,22.1567,28.33,28.33,80,100
1173,Rožňava,48.6586,20.5314,24.22,24.22,77,100
1174,Žiar nad Hronom,48.5919,18.8533,31.57,31.57,86,100
1175,Malacky,48.4381,17.0236,28.62,32.67,84,98
1176,Dolný Kubín,49.2117,19.2992,27.86,28.98,90,100
1177,Bánovce nad Bebravou,48.7186,18.2581,31.5,32.83,89,100
1178,Púchov,49.12,18.3306,30.54,32.38,94,100
1179,Handlová,48.7272,18.7619,29.62,29.75,87,100
1180,Kežmarok,49.1383,20.4292,32.94,34.05,69,75
1181,Stará Ľubovňa,49.3167,20.6833,33.19,34.3,82,100
1182,Madrid,40.4167,-3.7167,40.71,49.01,93,100
1183,Barcelona,41.3825,2.1769,45.84,58.01,84,20
1184,Valencia,39.47,-0.3764,41.72,50.58,90,0
1185,Sevilla,37.39,-5.99,49.26,53.2,91,93
1186,Zaragoza,41.65,-0.8833,45.72,47.93,93,100
1187,Málaga,36.7194,-4.42,49.89,56.25,91,40
1188,Murcia,37.9861,-1.1303,48.56,53.37,93,48
1189,Palma,39.5667,2.65,48.65,55.17,90,75
1190,Las Palmas,28.1272,-15.4314,63.82,69.64,56,29
1191,Bilbao,43.2569,-2.9236,50.31,61,72,0
1192,Alicante,38.3453,-0.4831,51.35,55.24,87,0
1193,Córdoba,37.8845,-4.7796,45.93,45.93,93,0
1194,Valladolid,41.6528,-4.7236,48.04,50.95,79,20
1195,Vigo,42.2314,-8.7124,57.45,57.51,90,75
1196,Gijón,43.5333,-5.7,58.5,58.5,76,75
1197,Vitoria-Gasteiz,42.85,-2.6833,44.42,48.94,89,75
1198,A Coruña,43.3667,-8.3833,57.99,61.14,94,75
1199,Elche,38.2669,-0.6983,48.16,54.5,91,0
1200,Granada,37.1781,-3.6008,37.65,43.59,84,0
1201,Tarrasa,41.5611,2.0081,42.03,54.99,80,75
1202,Badalona,41.4333,2.2333,46.04,58.21,79,75
1203,Oviedo,43.36,-5.845,55.76,55.76,80,82
1204,Cartagena,37.6,-0.9819,51.82,53.38,95,30
1205,Sabadell,41.5483,2.1075,43.03,55.99,78,75
1206,Jerez de la Frontera,36.6817,-6.1378,58.6,58.73,83,0
1207,Móstoles,40.3333,-3.8667,40.14,48.43,93,100
1208,Santa Cruz,28.4667,-16.25,62.35,72.41,58,0
1209,Pamplona,42.8167,-1.65,51.78,51.78,66,0
1210,Almería,36.8403,-2.4681,49.75,49.75,93,20
1211,Alcalá de Henares,40.4818,-3.3643,40.98,48.22,98,100
1212,Fuenlabrada,40.2833,-3.8,40.01,48.33,93,100
1213,Donostia,43.32,-1.98,61.14,65.08,49,0
1214,Leganés,40.3281,-3.7644,40.12,48.42,92,100
1215,Getafe,40.3047,-3.7311,40.6,48.9,94,100
1216,Burgos,42.3408,-3.6997,46.72,46.72,76,0
1217,Albacete,38.9956,-1.8558,41.07,41.07,100,20
1218,Castellón de la Plana,39.9831,-0.0331,50.52,50.52,72,26
1219,Santander,43.4628,-3.805,64.26,65.23,51,0
1220,Alcorcón,40.35,-3.8333,39.79,48.09,92,100
1221,La Laguna,28.4853,-16.3167,56.25,66.33,57,0
1222,Logroño,42.465,-2.4456,45.91,50.47,93,100
1223,Badajoz,38.8803,-6.9753,59.22,59.22,85,100
1224,Marbella,36.5167,-4.8833,49.5,53.35,100,49
1225,Salamanca,40.9667,-5.6639,49.77,49.78,71,0
1226,Huelva,37.25,-6.95,55.29,55.29,85,100
1227,Lleida,41.6167,0.6333,42.21,49.24,92,0
1228,Dos Hermanas,37.2836,-5.9222,48.97,52.92,91,87
1229,Tarragona,41.1187,1.2453,53.91,57.9,86,100
1230,Torrejón de Ardoz,40.4614,-3.4978,41.02,48.24,95,100
1231,Parla,40.2372,-3.7742,40.35,48.65,93,100
1232,Stockholm,59.3294,18.0686,33.66,34.99,96,100
1233,Gothenburg,57.6717,11.981,36.9,41.92,98,100
1234,Malmö,55.5833,13.0333,40.28,42.66,94,100
1235,Uppsala,59.8498,17.6389,33.71,34.25,100,100
1236,Uppsala,59.8601,17.64,33.84,34.38,100,100
1237,Västerås,59.6173,16.5422,31.86,31.86,100,100
1238,Örebro,59.2669,15.1965,33.26,34,93,100
1239,Linköping,58.4094,15.6257,33.01,34.21,95,100
1240,Helsingborg,56.0424,12.720999999999998,39.61,42.35,96,100
1241,Umeå,63.8285,20.2706,22.95,22.95,86,75
1242,Jönköping,57.7833,14.1667,35.33,39.4,100,100
1243,Norrköping,58.5919,16.1856,33.48,34.68,92,100
1244,Gävle,60.6748,17.1444,27.91,31.33,97,100
1245,Karlstad,59.3808,13.5016,32.54,32.54,100,100
1246,Sundsvall,62.3902,17.3067,26.56,26.56,93,100
1247,Borås,57.7304,12.92,37.15,40.91,99,100
1248,Växjö,56.8837,14.8167,34.52,35.6,100,100
1249,Halmstad,56.6754,12.8587,35.31,42.03,100,100
1250,Luleå,65.5838,22.1915,3.11,3.11,92,100
1251,Östersund,63.1775,14.6414,21.54,22.51,100,75
1252,Trollhättan,58.2671,12.3,35.42,40.66,93,100
1253,Kalmar,56.6694,16.3218,36.18,38.98,99,100
1254,Skövde,58.3995,13.8538,33.35,35.22,97,100
1255,Borlänge,60.4833,15.4167,28.58,28.98,98,100
1256,Mölndal,57.6542,12.0139,37.44,42.46,97,100
1257,Falun,60.613,15.647,28.47,28.87,96,100
1258,Karlskrona,56.1611,15.5881,41.45,41.45,97,100
1259,Nyköping,58.7582,17.0185,33.62,34.05,93,100
1260,Kristianstad,56.0337,14.1333,40.44,43.02,93,100
1261,Skellefteå,64.65,20.85,9.93,13.17,100,100
1262,Örnsköldsvik,63.294,18.7122,25.39,25.39,100,100
1263,Kiruna,67.8494,20.2544,-1.14,-1.14,85,100
1264,Visby,57.629,18.3071,35.71,37.72,100,100
1265,Huskvarna,57.7919,14.2756,35.26,35.26,100,100
1266,Vänersborg,58.363,12.33,35.51,40.66,93,100
1267,Härnösand,62.6323,17.9379,26.6,26.6,94,100
1268,Höganäs,56.196000000000005,12.5769,40.01,42.49,71,100
1269,Kinna,57.4954,12.6805,38.28,42.04,99,100
1270,Mariestad,58.705,13.828,34.5,36.37,98,100
1271,Mjölby,58.3321,15.1312,32.67,35.1,98,100
1272,Bollnäs,61.3484,16.3883,26.35,26.35,96,100
1273,Mora,61.0096,14.5635,23.22,25.11,94,100
1274,Ulricehamn,57.7917,13.4186,34.05,38.12,96,100
1275,Tibro,58.419,14.158,33.76,35.33,96,100
1276,Habo,57.9066,14.0856,34.45,38.52,100,100
1277,Tidaholm,58.1794,13.9599,34.39,35.26,97,100
1278,Strömstad,58.9441,11.1864,34.61,34.61,98,100
1279,Haparanda,65.8342,24.116999999999997,10.38,10.38,98,99
1280,Hjo,58.3044,14.2786,33.94,35.51,96,100
1281,Kungsör,59.4227,16.1059,31.71,33.98,98,100
1282,Zürich,47.3744,8.5411,28.49,35.22,95,40
1283,Geneva,46.2,6.15,35.76,41.31,90,0
1284,Basel,47.5606,7.5906,33.58,41.22,87,0
1285,Lausanne,46.5333,6.6333,36.82,41.58,87,97
1286,Bern,46.948,7.4474,29.3,42.44,86,0
1287,Winterthur,47.4992,8.7267,28.13,34.86,94,40
1288,Lucerne,47.0523,8.3059,27.88,34.61,94,75
1289,Sankt Gallen,47.4233,9.3772,27.09,45.23,100,40
1290,Lugano,46.0103,8.9625,32.02,42.93,93,100
1291,Biel/Bienne,47.1372,7.2472,30.22,43.36,96,100
1292,Thun,46.75899999999999,7.63,30.36,41.92,83,0
1293,Bellinzona,46.1956,9.0238,27.99,44.94,93,20
1294,Köniz,46.925,7.4153,28.58,41.72,87,0
1295,La Chaux-de-Fonds,47.0996,6.8296,23.63,36.75,92,96
1296,Fribourg,46.8,7.15,27.99,41.11,82,20
1297,Schaffhausen,47.6965,8.6339,28.58,34.2,97,100
1298,Vernier,46.2,6.1,35.64,41.18,93,0
1299,Chur,46.8521,9.5297,36.07,46.31,68,100
1300,Sion,46.2304,7.3661,33.76,60.84,85,100
1301,Uster,47.3492,8.7192,27.84,40.77,92,40
1302,Neuchâtel,46.9903,6.9306,30.13,43.27,98,20
1303,Landecy,46.1897,6.1158,35.49,41.04,93,0
1304,Zug,47.1681,8.5169,28.29,35.02,93,75
1305,Yverdon-les-Bains,46.7785,6.6408,30.25,47.88,82,91
1306,Emmen,47.0772,8.3,28.31,35.04,94,75
1307,Dübendorf,47.3981,8.6194,28.22,34.95,95,40
1308,Kriens,47.0344,8.28,29.21,34.34,94,75
1309,Rapperswil-Jona,47.2286,8.8317,28.4,41.32,86,100
1310,Dietikon,47.4056,8.4039,28.74,36.66,97,40
1311,Montreux,46.4333,6.9167,34.29,43.27,81,100
1312,Frauenfeld,47.5558,8.8964,28.53,41.45,94,100
1313,Wetzikon,47.3208,8.7931,26.82,39.72,89,40
1314,Baar,47.1956,8.5264,28.15,34.9,88,100
1315,Meyrin,46.2322,6.0791,35.28,40.84,93,0
1316,Wil,47.4664,9.0497,26.44,46.26,96,100
1317,Bulle,46.6167,7.05,26.22,39.34,71,99
1318,Horgen,47.2608,8.5975,28.54,35.29,90,40
1319,Carouge,46.1817,6.1404,35.94,41.49,93,0
1320,Kreuzlingen,47.6458,9.1783,29.37,41.38,98,100
1321,Wädenswil,47.2303,8.6722,28.38,41.31,89,40
1322,Riehen,47.5794,7.6512,31.51,40.82,88,0
1323,Aarau,47.3923,8.0446,30.34,38.48,97,100
1324,Allschwil,47.5508,7.5358,33.21,40.82,87,0
1325,Renens,46.5353,6.5897,35.46,42.13,85,97
1326,Wettingen,47.4659,8.3267,28.69,36.61,100,100
1327,Nyon,46.382,6.2389,35.71,42.39,88,0
1328,Bülach,47.5189,8.5422,28.4,35.13,97,40
1329,Vevey,46.4667,6.85,34.61,43.57,81,99
1330,Opfikon,47.4331,8.5719,28.26,34.99,95,40
1331,Kloten,47.4481,8.5828,28.15,34.88,95,40
1332,Taichung,24.15,120.6667,65.1,72.48,52,40
1333,Kaohsiung,22.6167,120.3,68.09,73.36,56,20
1334,Taipei,25.0478,121.5319,66.04,71.73,51,20
1335,Tainan,22.9833,120.1833,68.11,73.38,60,40
1336,Zhongli,24.965,121.2168,64.74,70.43,68,20
1337,Changhua,24.0667,120.5333,64.04,73.33,59,7
1338,Pingtung,22.6761,120.4942,67.86,73.13,55,20
1339,Hsinchu,24.8047,120.9714,65.89,71.58,59,3
1340,Taoyuan District,24.9889,121.3111,65.01,70.72,68,20
1341,Keelung,25.1283,121.7419,66.06,71.49,66,99
1342,Chiayi,23.48,120.4497,63.77,63.77,50,99
1343,Pingzhen,24.9439,121.2161,64.53,70.21,68,20
1344,Zhubei,24.8333,121.0,65.95,71.64,59,3
1345,Yangmei,24.9167,121.15,64.35,70.05,66,20
1346,Bade,24.9575,121.2989,64.74,70.43,68,20
1347,Yilan,24.75,121.75,66.06,71.49,90,100
1348,Hualien,23.9722,121.6064,64.53,64.53,79,99
1349,Taitung,22.7583,121.1444,68.27,68.27,60,75
1350,Douliu,23.7075,120.5439,63.55,67.42,59,70
1351,Nantou,23.9167,120.6833,63.16,72.45,46,29
1352,Miaoli,24.57,120.82,65.62,73,47,3
1353,Magong,23.5667,119.5833,65.28,65.28,72,9
1354,Zhushan,23.6889,120.7289,53.83,53.83,59,65
1355,Pozi,23.4611,120.242,64.15,64.15,50,96
1356,Huatan,24.0316,120.55799999999999,63.68,72.97,59,8
1357,Beigang,23.5667,120.3,64.08,64.08,50,79
1358,Taibao,23.45,120.3333,64.08,64.08,50,98
1359,Yuanchang,23.642,120.323,64.11,64.11,50,61
1360,Ershui,23.8167,120.6167,63.27,72.55,59,49
1361,Nangan,26.1598,119.9432,55.45,55.45,74,99
1362,Banqiao,25.0143,121.4672,66.06,71.74,53,20
1363,Jincheng,24.4167,118.3167,58.78,61,85,60
1364,Dubai,25.2697,55.3094,61.05,69.75,64,0
1365,Abu Dhabi,24.4511,54.3969,66.33,68.99,77,0
1366,Sharjah,25.3575,55.3919,61.07,69.75,64,0
1367,Al ‘Ayn,24.2075,55.7447,62.31,62.31,72,0
1368,‘Ajmān,25.3994,55.4797,61.11,69.78,72,0
1369,Ra’s al Khaymah,25.7851,55.9479,53.82,53.82,82,0
1370,Al Fujayrah,25.1308,56.3347,69.89,69.89,64,0
1371,Umm al Qaywayn,25.5653,55.5533,53.8,69.82,55,0
1372,Madīnat Zāyid,23.6522,53.6536,62.33,62.33,86,0
1373,London,51.5072,-0.1275,53.53,56.39,93,100
1374,Birmingham,52.48,-1.9025,45.75,53.67,96,75
1375,Leeds,53.7997,-1.5492,47.61,50.31,82,100
1376,Glasgow,55.8611,-4.25,40.24,49.08,79,75
1377,Bristol,51.45,-2.5833,47.59,55.51,97,100
1378,Manchester,53.4794,-2.2453,46.78,50,89,75
1379,Sheffield,53.3808,-1.4703,47.75,50,90,100
1380,Liverpool,53.4075,-2.9919,46.63,49.15,85,20
1381,Edinburgh,55.953,-3.1889999999999996,39.78,46.11,79,0
1382,Leicester,52.6344,-1.1319,48.42,55.47,92,100
1383,Coventry,52.4081,-1.5106,47.59,55.27,95,75
1384,Caerdydd,51.4817,-3.1792,46.62,52.86,79,100
1385,Belfast,54.5964,-5.93,43.47,46.29,78,40
1386,Newcastle,55.0077,-1.6578,41.29,45.05,81,19
1387,Bradford,53.8,-1.75,47.17,49.8,84,100
1388,Ipswich,52.0594,1.1556,49.01,55.4,88,100
1389,Nottingham,52.9533,-1.15,48.67,55.72,93,75
1390,Bolton,53.578,-2.4290000000000003,45.77,49.84,85,100
1391,Sunderland,54.906000000000006,-1.381,41.97,46.04,89,50
1392,Southampton,50.9025,-1.4042,52.05,56.61,97,100
1393,Plymouth,50.3714,-4.1422,46.31,54.34,96,100
1394,Kingston upon Hull,53.7444,-0.3325,49.98,55.31,56,75
1395,Derby,52.9217,-1.4769,47.08,53.47,94,75
1396,Westminster,51.4947,-0.1353,53.64,56.41,93,100
1397,Wolverhampton,52.5833,-2.1333,45.72,52.09,95,100
1398,Stoke-on-Trent,53.0,-2.1833,46.45,48.56,71,100
1399,Portsmouth,50.8058,-1.0872,52.14,56.7,95,100
1400,Abertawe,51.6167,-3.95,46.71,48.97,96,100
1401,Barnsley,53.5547,-1.4791,47.19,49.82,92,100
1402,Swindon,51.56,-1.78,51.06,55.04,94,100
1403,Luton,51.8783,-0.4147,52.14,55.08,94,100
1404,Northampton,52.2304,-0.8938,53.1,55.33,94,100
1405,Milton Keynes,52.04,-0.76,52.7,54.75,93,100
1406,Solihull,52.413000000000004,-1.778,47.1,53.82,96,75
1407,Aberdeen,57.15,-2.11,39.54,41.38,85,75
1408,Norwich,52.63,1.297,52.77,55.9,92,75
1409,Peterborough,52.5725,-0.2431,53.87,56.19,88,100
1410,Bournemouth,50.72,-1.88,52.03,55.35,95,100
1411,Basildon,51.5761,0.4886,53.76,56.32,89,75
1412,York,53.9583,-1.0803,46.51,50.99,90,100
1413,Warrington,53.3917,-2.5972,46.74,50.4,86,20
1414,Huddersfield,53.645,-1.7798,47.21,50.07,84,100
1415,Reading,51.4542,-0.9731,53.53,56.05,81,100
1416,Southend,51.55,0.71,53.11,56.26,88,75
1417,Oxford,51.7519,-1.2578,53.28,56.08,96,100
1418,Dundee,56.461999999999996,-2.9707,33.66,45.41,94,20
1419,West Bromwich,52.519,-1.995,45.46,51.82,95,75
1420,Newport,51.5833,-3.0,46.27,54.43,75,100
1421,Gloucester,51.8644,-2.2444,48.65,56.14,92,100
1422,Poole,50.7167,-1.9833,52.23,55.56,95,100
1423,New York,40.6943,-73.9249,29.75,35.1,60,0
1424,Los Angeles,34.1139,-118.4068,46.89,56.17,59,0
1425,Chicago,41.8373,-87.6862,22.23,26.17,69,40
1426,Miami,25.7839,-80.2102,66.97,73.99,78,20
1427,Dallas,32.7936,-96.7662,42.78,46.35,86,100
1428,Philadelphia,40.0077,-75.1339,28.24,32.72,66,0
1429,Houston,29.7863,-95.3889,47.48,52.14,90,100
1430,Atlanta,33.7627,-84.4224,40.86,45.99,52,0
1431,Washington,38.9047,-77.0163,28.8,32.27,61,100
1432,Boston,42.3188,-71.0846,30.83,34.77,69,20
1433,Phoenix,33.5722,-112.0891,48.06,54.5,48,0
1434,Seattle,47.6211,-122.3244,27.68,35.53,91,100
1435,San Francisco,37.7562,-122.443,38.44,45.72,77,100
1436,Detroit,42.3834,-83.1024,22.91,27.05,80,100
1437,San Diego,32.8312,-117.1225,48.34,57.4,71,0
1438,Minneapolis,44.9635,-93.2678,10.56,14.2,86,100
1439,Tampa,27.9942,-82.4451,55.26,64.83,71,20
1440,Denver,39.7621,-104.8759,25.39,39.43,26,20
1441,Brooklyn,40.6501,-73.9496,29.59,35.08,60,20
1442,Queens,40.7498,-73.7976,30.29,35.38,59,0
1443,Riverside,33.9381,-117.3948,48.79,58.19,39,0
1444,Baltimore,39.3051,-76.6144,28.8,31.98,65,75
1445,Las Vegas,36.2333,-115.2654,39.52,45.82,37,0
1446,Portland,45.5372,-122.65,36.77,41.04,89,100
1447,San Antonio,29.4658,-98.5253,46.62,51.73,89,100
1448,St. Louis,38.6358,-90.2451,32.92,36.36,63,75
1449,Sacramento,38.5667,-121.4683,38.88,43.75,85,100
1450,Orlando,28.4772,-81.3369,54.05,60.75,84,0
1451,San Jose,37.3019,-121.8486,41.04,51.22,77,75
1452,Cleveland,41.4767,-81.6804,24.91,29.28,82,100
1453,Pittsburgh,40.4396,-79.9762,20.05,27.28,82,100
1454,Austin,30.3004,-97.7522,43.75,48.11,95,100
1455,Cincinnati,39.1413,-84.5061,22.59,28.74,73,0
1456,Kansas City,39.1239,-94.5541,34.7,38.55,84,100
1457,Manhattan,40.7834,-73.9662,29.62,34.83,62,0
1458,Indianapolis,39.7771,-86.1458,21.52,29.16,74,75
1459,Columbus,39.9862,-82.985,18.19,22.95,85,75
1460,Charlotte,35.208,-80.8304,32.25,40.08,67,100
1461,Virginia Beach,36.7335,-76.0435,26.64,39.22,65,0
1462,Bronx,40.8501,-73.8662,30.33,35.42,61,0
1463,Milwaukee,43.0642,-87.9673,19,23.86,76,100
1464,Providence,41.823,-71.4187,31.1,35.31,71,20
1465,Jacksonville,30.3322,-81.6749,53.17,63.95,81,100
1466,Salt Lake City,40.7777,-111.9306,21.97,31.17,76,75
1467,Nashville,36.1715,-86.7843,30,38.66,67,0
1468,Richmond,37.5295,-77.4756,27,32.07,77,75
1469,Memphis,35.1046,-89.9773,31.96,37.71,70,75
1470,Raleigh,35.8325,-78.6435,30.97,37.99,73,100
1471,New Orleans,30.0687,-89.9288,43.03,48.2,81,100
1472,Louisville,38.1663,-85.6485,28.85,34.02,64,75
1473,Montevideo,-34.8667,-56.1667,69.62,71.6,68,0
1474,Salto,-31.3883,-57.9606,80.65,80.65,51,48
1475,Ciudad de la Costa,-34.8167,-55.95,69.8,71.78,73,0
1476,Maldonado,-34.9088,-54.9581,66.67,67.84,83,0
1477,Paysandú,-32.32,-58.0756,74.88,76.6,57,49
1478,Las Piedras,-34.7167,-56.2167,69.37,71.35,65,0
1479,Rivera,-30.9025,-55.5506,65.37,65.37,76,0
1480,Tacuarembó,-31.7144,-55.9828,65.48,65.48,69,0
1481,Melo,-32.3667,-54.1833,63.14,63.14,88,0
1482,Mercedes,-33.25,-58.0319,75.79,75.79,62,0
1483,Artigas,-30.4028,-56.4704,70.88,70.88,64,0
1484,Minas,-34.3667,-55.2333,62.11,62.11,94,0
1485,San José,-34.3333,-56.7167,69.08,69.08,68,68
1486,Durazno,-33.3833,-56.5167,70.03,70.03,63,78
1487,Florida,-34.1,-56.2167,66.97,66.97,71,3
1488,Colonia del Sacramento,-34.4714,-57.8442,72.57,72.57,70,7
1489,Pando,-34.7167,-55.9583,69.75,71.73,73,0
1490,Treinta y Tres,-33.2308,-54.3822,62.74,62.74,91,0
1491,Rocha,-34.4833,-54.35,61.79,61.79,97,1
1492,Fray Bentos,-33.1333,-58.3,75.85,75.85,70,0
1493,Trinidad,-33.5333,-56.8833,71.87,71.87,59,87
1494,Canelones,-34.5228,-56.2778,69.75,71.73,68,1
1495,Bella Unión,-30.26,-57.5992,74.75,74.75,56,1
1496,Carmelo,-33.9999,-58.2847,72.59,72.59,60,94
1497,Santa Lucía,-34.4525,-56.3964,67.39,67.39,71,15
1498,Progreso,-34.665,-56.2194,69.4,71.38,66,0
1499,Dolores,-33.5333,-58.2167,71.73,71.73,61,9
1500,Río Branco,-32.5969,-53.385,66.96,66.96,81,15
1501,Paso de los Toros,-32.8181,-56.5064,69.13,69.13,70,5
1502,Libertad,-34.6333,-56.6192,68.22,68.22,71,33
1503,Nueva Helvecia,-34.2889,-57.2333,70.14,70.14,67,56
1504,Nueva Palmira,-33.87,-58.408,73.36,73.36,59,49
1505,Chuy,-33.6987,-53.4638,65.39,65.39,89,0
1506,Rosario,-34.3139,-57.3525,71.13,71.13,66,60
1507,Punta del Este,-34.9786,-54.9331,67.08,68.25,88,0
1508,Piriápolis,-34.8661,-55.2747,67.01,68.16,89,0
1509,Salinas,-34.7751,-55.8402,69.73,71.71,73,0
1510,Parque del Plata,-34.7667,-55.7167,67.01,71.91,77,71
1511,Lascano,-33.6731,-54.2078,61.84,61.84,95,0
1512,Castillos,-34.1989,-53.8575,64.27,64.27,92,0
1513,Tranqueras,-31.1833,-55.7667,67.26,67.26,70,0
1514,Sarandí del Yi,-33.3442,-55.6313,66.7,66.7,73,27
1515,San Ramón,-34.2914,-55.9542,67.86,67.86,71,11
1516,San Jacinto,-34.5444,-55.8719,69.31,71.31,74,11
1517,Pan de Azúcar,-34.7757,-55.2247,66.61,67.78,89,0
1518,Joaquín Suárez,-34.7336,-56.0367,69.33,71.31,73,0
1519,Sauce,-34.6469,-56.0628,69.42,71.42,68,3
1520,Sarandí Grande,-33.725,-56.3303,67.96,67.96,67,18
1521,Atlántida,-34.7701,-55.7613,66.85,71.74,76,76
1522,José Pedro Varela,-33.45,-54.5333,61.57,61.57,94,0
